index:ID,director,:LABEL
13242150,长峰达也,person
10384280,刘观伟,person
13006890,约翰·威尔斯,person
13187940,张玉中,person
10232780,冯德伦,person
10542760,劳尔·鲁伊斯,person
13057230,陈俊彦,person
13293160,尤里·贝科夫,person
10143590,达内尔·马丁,person
13356230,杨子,person
10107560,深作欣二,person
12819130,约翰·A·戴维斯,person
10092970,瑞奇·热维斯,person
10480210,萨姆·门德斯,person
12594150,特雷弗·马修斯,person
12801270,约翰·卡尼,person
10047460,汤姆·麦卡锡,person
10370460,斯蒂芬·范米尔,person
10003170,托马斯·阿尔弗莱德森,person
13739660,马克·威廉姆斯,person
10454820,伍思薇,person
14040710,谢沛如,person
13528510,格雷戈里·普罗金,person
10002520,约翰·斯托克韦尔,person
10050910,文森特·沃德,person
13720830,吴汉邦,person
12975370,沈威,person
10003470,卡尔·弗兰克林,person
12743440,叶念琛,person
10333350,塞巴斯蒂安·莱里奥,person
10460960,君·法尔克斯汀,person
14015880,王丽娜,person
13047910,曾利文彦,person
13214190,鲁伯特·古尔德,person
14154210,汤姆·金斯利,person
14320690,松本佳久,person
10254160,肯·安纳金,person
12984200,约翰·斯蒂文森,person
13753200,张骁,person
10272040,布拉德·伯德,person
10050230,小乔治·提尔曼,person
13316700,苏文圣,person
12855830,托马斯·瓜德,person
13531840,韦林玉,person
13208560,李欣,person
10451510,杜可风,person
12775290,内维尔·阿斯特利,person
13835620,水崎淳平,person
10126540,让-马里·普瓦雷,person
12760570,张建亚,person
10449320,米歇尔·贡德里,person
10544310,丹泽尔·华盛顿,person
13244780,黄骥,person
13497650,文牧野,person
13872600,小川太一,person
12806610,科林·奇尔弗斯,person
12806640,程小东,person
12744680,武本康弘,person
13309150,托尔斯滕·孔斯特勒,person
13369040,丁亮,person
10186820,卡罗莉内·林克,person
10369600,乔纳森·卡普兰,person
12807740,彭顺,person
13160100,玛西·塔吉丁,person
13245970,深田晃司,person
13807090,李昌熙,person
10544120,本·斯蒂勒,person
12989490,帕特里克·塔特普洛斯,person
10377450,约翰·布莱斯通,person
13622560,周申,person
10367390,乔纳森·莫斯托,person
13982620,亚伦·霍瓦斯,person
13439220,李道允,person
13297390,袁英明,person
12905740,马伟豪,person
13477540,保罗·提比特,person
12269690,莫娜·法斯特欧德,person
10031560,王童,person
13385420,王凯,person
13161610,吉冈忍,person
11035250,杰西·约翰逊,person
10332650,布兰特·席尔兹,person
10544470,安吉丽娜·朱莉,person
13204400,松田秀知,person
13665970,钟彧,person
10232520,艾曼纽尔·克里亚勒斯,person
12946150,帕科·普拉萨,person
10509590,戴维·阿特伍德,person
13838590,武内宣之,person
12866340,约翰·希尔寇特,person
10047650,艾伦·帕克,person
13173880,布拉德·佩顿,person
13525470,杰森·李·豪顿,person
13644170,董旭,person
10408620,杰克·卡斯丹,person
10365240,克里斯·韦兹,person
14463540,赵庆勋,person
10336530,拉斯·克劳梅,person
13070010,克里斯蒂安·福克曼,person
13607750,萨比尔·可汗,person
10184410,罗伯特·B·维德,person
10452920,塔玛拉·詹金斯,person
13578200,林子平,person
13038910,尼尔·博格,person
13086540,文森特·帕兰德,person
14432520,坎·乌尔凯,person
12947210,潘恒生,person
13288580,埃德·拜,person
13396020,陆建华,person
13461560,黄斌,person
13420690,三木康一郎,person
13566390,克里斯汀·丹米尔斯,person
13858940,李骏硕,person
11273850,迈克尔·纳德,person
10482710,杰兹·斯科利莫夫斯基,person
10502250,斯蒂芬·埃利奥特,person
10368200,亚力克斯·考克斯,person
10545180,让-皮埃尔·热内,person
13200290,加雷斯·埃文斯,person
13987000,殷若昕,person
10707540,斯蒂芬·卓博斯基,person
10364500,安德鲁·斯坦顿,person
13208810,程耳,person
10185500,克莱德·杰洛尼米,person
14352650,朴成淑,person
10330950,乔治·奥格尔维,person
13678210,弗兰克·布里森,person
12938340,马克·帕兰斯基,person
10547320,迈克尔·卡顿-琼斯,person
10095860,佩顿·里德,person
13767890,李沙朗,person
13284960,刘娟,person
10449730,弗洛里安·亨克尔·冯·多纳斯马尔克,person
13223840,周旭,person
10275140,肯尼思·洛纳根,person
10499350,约翰·班德汉姆,person
13181720,李彦廷,person
10070890,托比·霍珀,person
13769760,李锡根,person
14274100,金涵洁,person
14258270,菲利波·梅内盖蒂,person
13910130,赖孟杰,person
10452140,扬·高能,person
10501550,亚当·布鲁克斯,person
10189600,菲利达·劳埃德,person
10005380,理查德·艾尔,person
13229860,吴楠,person
12964110,安德斯·劳诺·克拉伦,person
10450700,雅克·欧迪亚,person
13557110,帕特里克·霍瓦特,person
12922300,迈克·米切尔,person
10560710,佩德罗·阿莫多瓦,person
13336230,赵焕章,person
13046150,卡比尔·汗,person
10125450,托马斯·卡特,person
12133880,丹尼拉·科兹洛夫斯基,person
13507360,列纳特·达夫列吉亚罗夫,person
12814460,托尼·克莱格,person
13396250,北浦嗣巳,person
13918400,拉华加,person
13159030,王家乙,person
10145860,多姆·卡如库斯基,person
10545310,成龙,person
11444830,亚当·罗比特尔,person
12842070,理查德·弗雷登伯格,person
12759890,金子文纪,person
13537120,李运杰,person
12742800,黄真真,person
10370650,尤里西·塞德尔,person
13225660,金宗宽,person
13739160,吴奇,person
13178730,马克·莱温,person
13011970,黄明升,person
13431050,张钢,person
13621970,金庆炯,person
12847610,萨沙·杰瓦西 ,person
10185420,加里·特洛斯达勒,person
13359730,尹鸿承,person
13141750,侯亮,person
13454870,亚瑟·邦扎康,person
10411940,查尔斯·马丁·史密斯,person
10141330,玛丽·哈伦,person
14121650,玛·塔尔加纳,person
13169150,盐谷直义,person
12750470,乔纳森·格雷泽,person
13142320,林黎胜,person
13389130,罗兰·克博施,person
10371820,提莫·沃伦索拉,person
13006860,西蒙·威尔斯,person
13251200,加藤拓,person
13333300,查理·斯垂顿,person
13141200,张猛,person
13593430,罗贤,person
14154940,榘庭,person
10095030,切德·弗斯特,person
10413650,乔恩·赫维兹,person
13195740,阿德里安·格鲁伯格,person
10544230,北野武,person
10047420,吉姆·谢里丹,person
10050840,马西莫·特洛伊西,person
14366870,迪米特里·图灵,person
10141950,王颖,person
14156260,徐磊,person
13269120,林暐恒,person
10350340,沃尔夫冈·劳恩斯坦,person
14339920,殷振豪,person
10374970,伦尼·阿伯拉罕森,person
13785310,冯世雄,person
13957580,多米尼克·罗彻,person
13586160,吴品儒,person
12906630,安格斯·麦克莱恩,person
10365970,乔·丹特,person
13459040,郑允秀,person
13230030,康宁,person
10366620,彼得·法雷里,person
13604840,德米特里·基谢廖夫,person
13191840,高峰,person
11287210,吉娜·普林斯-拜斯伍德,person
12764590,罗伊·雷内,person
13982390,玛德琳·帕里,person
12750540,詹姆斯·格雷,person
12754330,刘健,person
10480260,周星驰,person
13158410,唐大年,person
10141530,詹姆斯·弗雷,person
10414090,吉尔·约格尔,person
13193340,厄尼·巴巴拉什,person
12824550,马克·汀戴尔,person
14452070,尹丹菲,person
13040470,孙在坤,person
13101070,鲍勃·佩尔西凯蒂,person
13505680,金帝荣,person
13351860,李光耀,person
12742400,郑保瑞,person
13318960,高桥敦史,person
13275800,霍华德·麦凯恩,person
13697220,法比奥·瑞希纳洛,person
10232670,亚伯·福赛斯,person
14379450,赵一亨,person
10922080,本多猪四郎 ,person
13165570,金志勋,person
12700440,博·伯翰,person
12807800,郑智泳,person
13268180,柯克·德·米科,person
13280480,向飞,person
13903260,蔡宓洁,person
10322410,克里斯·桑德斯,person
13336610,徐晓星,person
13233970,梁婷,person
13287560,约翰·卢森霍普,person
13270320,坦瓦林·苏卡皮西特,person
10273400,迈克尔·克莱顿,person
13191210,曾翠珊,person
13520110,邢丹,person
12147050,佐米·希尔拉,person
13201900,李骏,person
10763540,塔伊加·维迪提,person
14277600,张哲,person
10535570,劳伦斯·奥利弗,person
12913600,马克思·梅尔,person
13148260,梁家树,person
13533950,迈克尔·格兰达吉,person
13464520,韩相熙,person
10411600,盖瑞·马歇尔,person
11374250,本广克行,person
10502790,罗伯特·帕西尼,person
10278700,潘妮·马歇尔,person
13157600,尼尔·约翰逊,person
13152160,布莱恩·G·赫顿,person
10050600,伊斯特凡·萨博,person
11355930,大卫·普瑞尔,person
12851840,菲奥娜·戈登,person
13719030,塞巴斯蒂安·劳德巴克,person
10251850,阿尔弗雷德·希区柯克,person
12805910,亚罗·切尼,person
13605740,阿里尔·舒曼,person
10047210,斯蒂夫·平克,person
13144730,刘劲,person
13558270,沙昆·巴特拉,person
13206260,刘可欣,person
13537180,张宰贤,person
10098040,理查德·富兰克林,person
10318760,吕克·贝松,person
13963990,阿迪尔·埃尔·阿比,person
10107870,阿萨夫·伯恩斯坦,person
10758620,陈国富,person
10139170,约翰·拉塞特,person
13631490,出合小都美,person
10097050,科斯汀·谢里丹,person
10908950,降旗康男,person
13071410,张鹏,person
13978180,辛爽,person
13602970,雷米·沙耶,person
10003870,丹尼尔·斯坦,person
13743040,金惠荣,person
12767060,桑托什·斯万,person
13139180,韦正,person
14178290,林晓丽,person
14419910,许悦铭,person
10413780,克里·孔兰,person
13542480,威廉·布伦特·贝尔,person
10931770,哈密什·汉密尔顿,person
13370950,城宝秀则,person
12804610,张振益,person
13178030,姚守岗,person
11603010,罗伯特·斯蒂文森,person
12987620,司徒慧焯,person
14241940,孙元平,person
10049610,米兰达·裘丽,person
10182710,亚历山大·索科洛夫,person
10052280,迈克尔·苏克西,person
13557760,王早,person
13219640,杨磊,person
10536190,皮埃尔·保罗·帕索里尼,person
13545260,英达尔·珍杜巴耶夫,person
10230900,何塞·帕迪里亚,person
13060940,颂裕·素玛戈南,person
10544360,克林特·伊斯特伍德,person
13092440,斯蒂芬·圣·莱杰,person
10094690,阿贝尔·费拉拉,person
10146060,卡里姆·埃诺兹,person
13429270,唐旭,person
10147440,乔·曼特罗,person
12885110,比班·基德龙,person
11042600,林权泽,person
13785600,奚超,person
10190710,大卫·凯普,person
10510620,罗阿尔·乌索格,person
10027080,安迪·瑟金斯,person
14125980,徐发,person
11856540,韦恩·罗伯茨,person
12747500,张镇,person
12743290,努里·比格·锡兰,person
13327390,熊坂出,person
10367490,阿兰·夏巴,person
14145300,路西安诺·欧纳提,person
13265010,帕特里克·福斯贝里,person
13688800,弗朗西斯·李,person
10448720,韦斯·安德森,person
13699480,布兰登·坎普,person
13361980,八木龙一,person
13005870,魏德圣,person
10414290,科林·施特劳斯,person
13365080,阿尔玛·哈勒,person
13461980,孔水昌,person
10035860,理查德·罗森,person
10137780,文森佐·纳塔利,person
13541360,沙漠,person
10195290,格利高利·丘赫莱依,person
13658920,藤森雅也,person
10417170,胡安·索拉纳斯,person
11135300,米克·杰克逊,person
14443420,牧田佳织,person
13186250,鲍积明,person
14589950,孙勇,person
14261110,迈克·艾亨,person
13162320,光野道夫,person
10227100,乔·德特杜巴,person
13174940,卢卫国,person
10097040,卡洛斯·沙尔丹哈,person
14088950,尼克·布鲁诺,person
12828440,伊兰·迪朗·科昂,person
10140300,沃尔特·希尔,person
12758770,张子恩,person
10095960,乔纳森·戴顿,person
13150460,张翀,person
13657520,尼克·马蒂厄,person
10324730,刘易斯·吉尔伯特,person
10376790,田口智朗,person
13851810,李炜,person
13166460,徐誉庭,person
10190020,蒂姆·波顿,person
13821730,陈小娟,person
10323770,斯科特·希克斯,person
13418690,马赛厄斯·马尔修,person
13172210,周耀武,person
10545260,英格玛·伯格曼,person
10310070,崔嵬,person
10366550,亨利·塞利克,person
13210950,樱井弘明,person
13190860,魏楠,person
12878020,迈克·约翰逊,person
11165250,舛田利雄,person
13065070,刘勇宏,person
13987570,张璞,person
13384560,金丰起,person
12857990,唐·哈恩,person
13019260,肖桂云,person
10281620,乔治·拉提夫,person
10140690,托德·海因斯,person
13020090,肖娜·奥尔巴赫,person
13209160,赵宇,person
12786570,元彬,person
14372030,达米安·莱韦克,person
13253210,丁小洋,person
10272760,罗伯·马歇尔,person
10413130,迈克尔·道赫蒂,person
13209910,陈卓,person
14118010,李钟言,person
13174780,常征,person
13156930,蔡尚君,person
13427430,约翰·波罗,person
13600440,立川让,person
13458630,申汉率,person
13899290,姜瑞智,person
13335950,刘健平,person
10145910,杰西卡·尼尔森,person
13704250,阿德里安·莫利纳,person
12751740,刘奋斗,person
14559260,迈克·本恩斯,person
10168890,让·德拉努瓦,person
13550080,郑潇,person
10288440,李濬益,person
12915970,汤姆·麦格拉思,person
13974480,竹内良贵,person
10372730,张家辉,person
10151150,张国立,person
13151850,王啸坤,person
13726100,陈健朗,person
13840790,史蒂夫·伦纳德,person
12807190,赵崇邦,person
10614420,沃尔夫冈·贝克,person
13326650,白石和弥,person
12871830,欧文·赫利,person
13652960,韩琰,person
10125530,伊娃·爱洛尼斯科,person
13165730,吴娜,person
13036810,汤姆·摩尔,person
13045510,李子俊,person
13735170,杨永春,person
13640280,石川庆,person
12998420,菲力斯·范·古宁根,person
10157710,大地丙太郎,person
13483210,杰里米·德格鲁森,person
13132820,陈奕利,person
12814880,Lodewijk Crijns,person
10369710,卡莉·克里,person
13201380,区雪儿,person
14475050,陈伟,person
10482250,弗兰克·卡普拉,person
13745650,代艺霖,person
13764190,周子阳,person
10496860,丹尼斯·杜根,person
14069400,安正民,person
13186460,王秉林 ,person
12742360,秦小珍,person
13175480,渡边步,person
12963280,比约恩·荣格,person
12744040,李廷香,person
13165870,陈怀皑,person
12635830,金曲,person
13209460,江约诚,person
11114920,马克·劳伦斯,person
10071400,恩斯特·刘别谦,person
10544270,达斯汀·霍夫曼,person
10320480,保罗·哈吉斯,person
13155210,安迪·坦纳特,person
10063510,霍建起,person
10503310,史蒂文·R·蒙若尔,person
13172680,金韩民,person
13161420,李亨民,person
12744700,小池健,person
13887590,李海龙,person
11725180,大卫·莫罗,person
14121330,鲁冬青,person
13512890,亚历山德罗·卡罗尼,person
13176040,寒竹百合,person
13367290,黄朝亮,person
13566380,弗兰克·叶根吉,person
10298660,许泰丰,person
10180560,尼尔·马歇尔,person
13225250,王莉,person
14308710,胡国瀚,person
13767640,罗布·萨维奇,person
10229590,押井守,person
10092930,约翰·弗朗西斯·戴利,person
13222000,金大胜,person
11105850,近藤喜文,person
10181310,博比·法雷里,person
13240370,瑞奇·摩尔,person
12368190,连姆·O·达诺,person
13336720,尼亚达·苏达娜,person
10254110,杰拉德·达米亚诺,person
13391270,托马斯·绍博,person
10320270,尼尔·乔丹,person
10271590,山姆·雷米,person
13946650,甘·方苏旺,person
13192740,宋崇,person
10097480,沃夫冈·雷瑟曼,person
10413150,帕特里斯·夏侯,person
10096820,皮托夫,person
12750940,阿斯哈·法哈蒂,person
10512580,瓦季姆·舒梅列夫,person
13417540,田蒙,person
13825690,伊萨克·厄兹本,person
10425230,富野由悠季,person
13189850,许传海,person
11523900,理查德·斯坦利,person
13669070,涅提·蒂瓦里,person
13209570,刘宝贤,person
13198650,贝赫·泽特林,person
13341240,加斯顿·杜帕拉特,person
13157540,柳泽哲也,person
12928600,杰弗利·纳赫马诺夫,person
13109650,邱瓈宽,person
14227710,郑霆黎明,person
10005740,弗莱德·戴克尔,person
10052290,敕使河原宏,person
13113130,林浩然,person
14261120,恩达·罗曼,person
10046570,约翰·休斯,person
10110170,阿德里安·诺布尔,person
13265110,任鹏远,person
13585850,岸善幸,person
10500880,伯努瓦·波尔沃德,person
10507820,托尼·裴,person
10545240,克里斯托弗·诺兰,person
13271960,李爽,person
13126500,史蒂夫·麦奎因,person
10029140,艾伦·德万,person
10470720,马切伊·佩普日察,person
12750390,马基德·马基迪,person
11378790,坂本浩一,person
10234640,曼斯·马林德,person
12743680,伍仕贤,person
13094350,泷本智行,person
10100970,雅各布·蔡斯,person
13027440,扎伊达·贝葛洛特,person
13199890,朴勋政,person
13086470,关口现,person
13210200,高松信司,person
13354510,李理,person
10500820,大卫·R·艾里斯,person
13944300,金度英,person
14254760,尼吉娜·赛福莱娃,person
10500890,沃尔特·拜克,person
10363510,贾德·阿帕图,person
13137360,吴中天,person
13276250,马修·迈克尔·卡纳汉,person
13822460,克里斯·佩寇维,person
10227410,道格·里曼,person
10411230,塞思·麦克法兰,person
13498550,刘炜,person
13253420,贾斯汀·库泽尔,person
13380480,陈千松,person
10106620,阿托姆·伊戈扬,person
13090040,拉斯洛·奈迈施,person
12825510,安德鲁·多米尼克,person
10001700,理查德·凯利,person
13212000,路阳,person
10416450,乔·皮特卡,person
10004990,伊莎贝尔·科赛特,person
12844880,山姆·贾巴尔斯基,person
10072450,陈欣健,person
12750360,陈鸿烈,person
13720840,吴兆麟,person
13247560,蔡心,person
10193910,艾斯彭·山德伯格,person
10061980,塞缪尔·阿姆斯特朗,person
13094590,韩在林,person
13255680,朴光铉,person
13240500,朱利安·麦格奈,person
12806320,钟少雄,person
14062620,刘亚当,person
13131020,沙蒙,person
13169120,唐澄,person
13739270,谈宜之,person
14507650,萨拉雷,person
13340920,佩德罗·里韦罗,person
13214450,猪股隆一,person
13435080,吉村爱,person
12775540,菲利普·G·阿特威尔,person
11120260,阿基·考里斯马基,person
10137050,姜大卫,person
10199460,多罗塔·肯杰扎夫斯卡,person
13142780,马库斯·邓斯坦,person
12900660,林诣彬,person
10185960,简·皮克瓦,person
13724530,月川翔,person
13262730,鴫野彰,person
13532990,S·克雷格·扎勒,person
12947190,维苏特·普沃莱拉克斯,person
14075210,克里斯托夫·查理尔,person
10502080,乔·斯万博格,person
14570700,益子昌一,person
13232660,尼西卡特·卡马特,person
14197170,吴健海,person
13041830,瓦迪姆·佩尔曼,person
13147300,乔梁,person
13688000,基姆·德鲁日宁,person
14316970,柴田彰久,person
13385410,程中豪,person
14024830,李权,person
13187450,陆剑青,person
13195660,李石勋,person
12717830,图鲁普·范·奥尔曼,person
13891240,陈歆宇,person
13230780,张荣吉,person
13305340,朱家麟,person
13150380,郑有杰,person
14060210,温仕培,person
12804420,陈国辉,person
13860580,尼科莱·弗格西格,person
14460090,伊曼纽·奥塞·库佛,person
14399400,米昊易,person
13932040,马逸腾,person
13501070,安国真,person
12924120,尼克·摩尔,person
10280570,阿莫斯·吉泰,person
13375400,饭岛敏宏,person
10229000,布兰农·布拉加,person
10364780,约翰·卡萨维蒂,person
10028590,若西安·巴拉斯科,person
13801530,姜允成,person
13407170,陈立谦,person
10279580,维克·阿姆斯特朗,person
12757160,李大为,person
10103140,达米安·斯兹弗隆,person
10006390,瑞恩·雷特尔,person
13716530,王学博,person
10081600,戴维·汉德,person
10479800,特瑞·吉列姆,person
10235550,许秦豪,person
13155460,河野圭太,person
10095850,佐伊·R·卡萨维蒂,person
10536170,罗伯特·雷德福,person
13091000,西蒙·布兰德,person
13261470,叶凯,person
10321080,迈克·李,person
10421580,埃里克·莱顿,person
12985540,埃尔伯特·范·斯特里恩,person
13271320,天野千寻,person
13057960,特拉维斯·奈特,person
10000980,文森特·加洛,person
14310910,青木康直,person
12757100,陈怀恩,person
14368680,萨瓦斯·泽维斯,person
12843750,迈克·加布里尔,person
10028450,马克·雷戴尔,person
12760770,郑芬芬,person
10554890,让-吕克·戈达尔,person
10288950,斯特凡·奥比尔,person
13493940,尹宰久,person
13510340,魏民,person
13081300,郑勇基,person
12058670,下山天,person
13370750,国东锡,person
13399510,安迪·戈达德,person
13323730,宋阳,person
10327850,杰克·斯迈特,person
13247220,约翰·埃里克·道达尔,person
12749790,肖央,person
13273060,三浦大辅,person
11036880,梅拉尼·罗兰,person
12763140,克里斯托弗·麦奎里,person
10095190,米凯尔·哈弗斯特罗姆,person
13717900,村石宏实,person
10106070,卡梅伦·克罗,person
13409580,蒋卓原,person
11086000,苏珊·约翰逊,person
13624890,王鑫,person
13816430,张吃鱼,person
13413270,傅绍杰,person
10408920,金成洙,person
14088960,特洛伊·奎安,person
10195030,克洛德·皮诺托,person
10002170,大卫·戈登·格林,person
10005950,彼德·切尔瑟姆,person
12889850,韦恩·克雷默,person
14022810,西达夫·马贺拉,person
12744990,章明,person
13238490,克里斯托弗·麦克布莱德,person
10049190,扎克·海尔姆,person
12420080,卡斯蒂利·兰登,person
12848730,克雷格·吉勒斯佩,person
13632290,艾瑞克·莎莫,person
10451140,多米尼克·塞纳,person
10050990,安德烈·萨金塞夫,person
13388850,李奥,person
12903940,路学长,person
13858300,赵锐,person
12889230,彼得·考斯明斯金,person
10051700,安吉拉·罗宾森,person
14369670,布雷特·皮尔斯,person
13445240,保罗·布里格斯,person
14138950,金光彬,person
13130220,镝木宏,person
12835550,山姆·菲尔,person
14316750,田村耕太郎,person
10095510,沃利·菲斯特,person
13156690,丰田利晃,person
10255260,谷德昭,person
13147420,孙达,person
12744980,张瑜,person
10278310,斯派克·琼斯,person
14589970,黄发,person
13462390,孙泰雄,person
10371550,玛琳·格里斯,person
13152030,钱人豪,person
14231780,瑞恩·斯宾德尔,person
14553160,斯特里奥斯·卡米蒂斯,person
13773670,萩原健太郎,person
13169130,武内英树,person
10254520,李修贤,person
12965010,马哈曼特-萨雷·哈隆,person
13328320,陈方千,person
10356510,贝纳尔多·贝托鲁奇,person
10182550,乔·罗斯,person
10179790,托尼·斯科特,person
13896400,任旭东,person
10142460,斯图尔特·贝尔德,person
13288350,史凤和,person
13227740,伊力奇,person
10007450,约书亚·萨弗迪,person
13600610,崔震东,person
13171030,方文山,person
13996860,本·福斯特,person
13435090,阿部记之,person
10505910,吉拉尔·皮雷,person
13311130,金丙书,person
13806630,杰森·西森,person
13308320,安东尼·斯塔基,person
10124700,雅克·玛尔提诺,person
13093850,黄修平,person
10180940,格里格·伯兰蒂,person
13161810,万玛才旦,person
13378160,叶天伦,person
10454440,奥黛丽·威尔斯,person
13153270,山本泰一郎,person
13156400,乔丹·斯科特,person
13165470,吴卫东,person
13320380,森田修平,person
10183330,雅克·德米,person
10452520,罗恩·克莱蒙兹,person
13035170,佐藤祐市,person
13583600,陈未衾,person
13345450,科迪·卡梅伦,person
13605730,亨利·朱斯特,person
13171460,王岳伦,person
13017100,周晓文,person
13253200,尹学烈,person
14285190,亚当·B·斯坦,person
10415730,川尻善昭,person
13548050,邹燚,person
10125520,托德·布朗宁,person
10553150,汉尼·阿布-阿萨德,person
13873230,伊藤尚往,person
13650620,谢尔盖·马克利斯基,person
13093420,内田贤治,person
10247630,杰夫·福勒,person
12748410,张鑫炎,person
10325990,罗伯特·高洛斯,person
10001760,亚历杭德罗·阿梅纳瓦尔,person
13740990,安托万·布勒西耶,person
12761940,约翰·达尔,person
13593690,洪昇扬,person
13692780,热纳罗·努基阿德,person
10496370,乔·舒马赫,person
13252900,S·S·拉贾穆里,person
13516550,安竹间,person
11497700,托德·施特劳斯-舒尔森,person
10408000,哈里纳·雷金,person
10107090,诺曼·杰威森,person
10495760,尼尔·布洛姆坎普,person
13177330,佐藤敬一,person
12748340,约翰·卡兰,person
13477040,董春泽,person
14053510,林京泽,person
13739440,黄美娜,person
13597540,张涛,person
13185330,马侃,person
13443020,藤井道人,person
10051120,宫崎吾朗,person
13407940,陈奥图,person
10140370,李·丹尼尔斯,person
13986890,二宫健,person
13714330,迈克·P·纳尔逊,person
10005250,吴京,person
13519660,黎涛,person
13174080,姜凯阳,person
12746480,沙溢,person
12827770,詹姆斯·达菲,person
13239680,王才涛,person
10147560,摩砂雪,person
13241030,于胜军,person
12928320,马克·米罗,person
13462040,金东斌,person
12599840,乔什·鲁本,person
12855550,J·麦基·格鲁伯,person
13246120,罗登,person
12791930,艾什·布兰农,person
13753010,小仓宏文,person
13155450,李在容,person
13141520,安彦良和,person
13001410,米古尔·安格尔·维瓦斯,person
13411780,周润泽,person
12957140,克里斯蒂安·瑞沃斯,person
10417700,嘉瑞斯·贾里维克,person
13180480,江海洋,person
12903160,菲尔·罗德,person
12878750,Jon Jones,person
13179900,巴巴克·纳加非,person
10421460,乔治·杜宁,person
13336450,曾壮祥,person
12743000,陈可辛,person
10295260,大卫·贾柏,person
10280730,萨拉·舒格曼,person
13248770,安德鲁·鲍勒,person
10317920,巴斯特·基顿,person
13419050,江金霖,person
10096590,让·科克托,person
13196430,袁菲,person
13601550,金成勋,person
13446390,权昊英,person
14073310,金旻昊,person
10363690,李小龙,person
13923240,安恪温,person
14045060,金容勋,person
10545290,黑泽明,person
13773700,丽恩·贾尼埃克,person
13325230,马蒂亚斯·霍恩,person
13178060,西河克己,person
14524540,杰夫·瓦斯特,person
12752100,雪村,person
10072340,霍伊特·耶特曼,person
13147040,宋小宝,person
10512450,安藤真裕,person
10238120,尚皮耶·亚莫斯,person
11477600,斯图尔特·罗森博格,person
13459300,李宗容,person
13986010,叶谦,person
13924640,须藤友德,person
10505230,塞斯·格罗斯曼,person
10139070,安东尼·福奎阿,person
13290650,崔承浩,person
13244880,王传宗,person
13047100,谢立文,person
10148810,詹姆斯·拉派恩,person
13579730,张玮真,person
10544190,弗朗西斯·福特·科波拉,person
11480440,崔洋一,person
14015980,野尻克己,person
10503540,梅尔·斯图尔特,person
13225300,帕布罗·拉雷恩,person
10051450,小林正树,person
10097530,奥利维埃·达昂,person
12748610,楚克·萨克瑞科,person
13778010,杰拉德·麦克穆雷,person
12848290,科奇·吉尔佐,person
12535430,杜克·约翰逊,person
10415720,雷内·克莱尔,person
14520820,吉尔·格瓦吉兹安,person
10544160,雷德利·斯科特,person
13131040,华森·波克彭,person
11544860,查德·斯塔赫斯基,person
13213730,桥本昌和,person
10366610,胡安·卡洛斯·弗雷斯纳迪罗,person
10452430,王力宏,person
13105570,加里斯·爱德华斯,person
13144260,志水淳儿,person
10344540,克里斯托弗·劳恩斯坦,person
13148280,韩延,person
10183390,艾利·克雷格,person
13201390,小泉德宏,person
10454230,克里斯托弗·鲍伊,person
14266990,金準植,person
10324270,比格斯·鲁纳,person
12743670,游达志,person
10140710,劳伦斯·卡斯丹,person
12786440,查尔斯·比纳梅,person
10007350,丹尼尔·伊斯皮诺萨,person
13194890,约瑟夫·鲁斯纳克,person
13850390,林恩·萨瑟兰,person
13833270,徐展雄,person
13106010,奥伦·佩利,person
14521790,肖恩·林登,person
13578010,亚力克西斯·马沙利克,person
10327360,吕克·达内,person
12750760,林岭东,person
10320380,比尔·杜克,person
10413800,高畑勋,person
13266310,城定秀夫,person
13229190,大卫·卡森,person
13899440,罗斯·斯图尔特,person
10272130,大卫·斯雷德,person
10081010,安德鲁·马顿,person
10326200,玛加蕾特·冯·特罗塔,person
10418350,爱德嘉·莱兹,person
10479950,安东尼·明格拉,person
13197090,翁子光,person
12985600,罗伯特·斯特罗姆伯格,person
13756230,吴有音,person
13324270,张圭声,person
10045080,乔纳森·林恩,person
12844220,佛罗瑞·加仑伯格,person
13065640,大卫·布鲁克纳,person
13294550,伏羲,person
12943830,鲍勃·彼德森,person
10141310,达伦·林恩·鲍斯曼,person
13143710,胡雪桦,person
14321160,叶卡特琳娜·奥特尔,person
10393920,桑弧,person
10193680,夏洛特·布伦斯特伦,person
10233180,霍拉丘·默勒埃莱,person
13220420,黄柏文,person
10180140,拉斯·霍尔斯道姆,person
12942660,史蒂夫·普切尔,person
11217300,雷宇扬,person
10005440,唐·罗斯,person
10449430,马克·耐沃尔代,person
13085390,西蒙·菲茨莫里斯,person
13793750,法尔哈德·撒夫尼亚,person
10367410,乔治·罗伊·希尔,person
13410670,刘荣艳,person
13257500,陈奕先,person
10099740,尼萨·加纳特,person
10371830,阿布戴·柯西胥,person
13011930,黄志强,person
12968120,史蒂芬·斯卡特尔,person
12943670,玛利亚·彼特斯,person
13901400,尤兰达·拉姆克,person
13935160,阿尼什·查甘蒂,person
13309350,严恭,person
13013320,胡大为,person
13020220,萧雅全,person
10095310,凯瑞·福永,person
13330730,加芙列拉·考珀斯维特,person
10561280,赫伯特·罗斯,person
10149260,曼迪·弗莱彻,person
14227320,达里尔斯·马德尔,person
13398040,奥图·巴瑟赫斯特,person
14310850,大杉宜弘,person
12755970,西川美和,person
10454610,艾瑞克·范·洛依,person
13292690,邢博,person
13486150,乔什·库雷,person
13132750,朱时茂,person
10461340,斯特法诺·索利马,person
10158420,蔡楚生,person
10602190,荒牧伸志,person
10276530,丹尼斯·甘塞尔,person
10142840,陈英雄,person
13209830,岳松,person
13964440,奥米史·舒克拉,person
13383650,安东·鲍德里,person
13147600,孔笙,person
10180080,安德鲁·尼科尔,person
13246510,王启民,person
14070720,赫尔南·贝隆,person
12921510,孙敏,person
13184110,李勇周,person
12762970,克里斯·麦凯,person
14388540,奥雷尔,person
12748570,杨庆,person
12870490,黄蜀芹,person
14393900,加文·罗瑟里,person
12755540,张一白,person
14069220,彼得·哈钦斯,person
14011190,郝心悦,person
12965450,皮埃尔·沙尔瓦多利,person
10544280,克日什托夫·基耶斯洛夫斯基,person
13369480,邹佡,person
13184830,景慕逵,person
10227030,约瑟夫·麦克金提·尼彻,person
13018240,大谷健太郎,person
13256960,易寒,person
13565480,凯瑟琳·温德菲尔德,person
13619740,高木淳,person
14120880,刘善东,person
10405190,罗伯·施奈德,person
10369170,特瑞·乔治,person
10008200,凯内尔·穆德卢佐,person
12758500,北川悦吏子,person
12708970,希德尼·希比利亚,person
14517230,雅各·鲍尔,person
11852340,拉凯什·奥姆普拉卡西·梅赫拉,person
13055440,彼得·斯派瑞,person
12759410,J·布莱克森,person
10049880,谢尔盖·爱森斯坦,person
12862060,长谷川康夫,person
13190010,艾萨克·佛罗伦汀,person
13729280,珈鹤,person
10382680,本木克英,person
12882640,克雷·卡提斯,person
10190850,詹姆斯·伊沃里,person
10148250,莉娜·亚达夫,person
10053380,何塞·路易斯·奎尔达,person
10321220,温子仁,person
10002990,安迪·尼曼,person
13819860,凯普·鲍尔斯,person
13055730,邵丹,person
14060850,永冈智佳,person
14168010,黄文云,person
14444500,菲利普·尤里耶夫,person
10321230,托德·菲尔德,person
10278560,鲍勃·奥登科克,person
10545060,杨·史云梅耶,person
12750410,乔·赖特,person
10027480,丁度·巴拉斯,person
10234050,行定勋,person
10106650,查尔斯·劳顿,person
13963980,比拉勒·法拉赫,person
13073940,丹尼斯·伊利亚迪 ,person
13204440,筱原俊哉,person
13017700,克雷格·卓贝,person
13217460,萨拉萨瓦蒂·翁索姆佩奇,person
14211680,徐顺利,person
13247370,马可·布拉姆贝拉,person
13143690,加藤敏幸,person
12856490,乔·戈恩,person
14430120,马克·托亚,person
12842010,贾森·弗莱德伯格,person
13176740,马志宇,person
10406720,马克·斯蒂文·约翰逊,person
13171270,黄子佼,person
12814090,C·杰·寇科斯 ,person
12958480,亚历山大·洛克威尔,person
12748260,陈志华,person
13148790,梁智强,person
10002960,艾伦·休斯,person
13349800,达尼·德拉奥尔登,person
10144700,汤姆·哈伯,person
13876780,崔成贤,person
13799340,严宥娜,person
14059620,克丽丝蒂娜·加耶果,person
10555010,约翰·G·艾维尔森,person
14195450,弗雷德·格里瓦,person
10504680,加里·勒斯培,person
14578370,杨泷杰,person
13133850,凯尔·巴尔达,person
13953630,陈晓鸣,person
10501690,凯文·霍克斯,person
10233380,大卫·帕斯特尔,person
12939540,迪恩·帕里索,person
10424280,伊尔蒂科·茵叶蒂,person
13028500,布莱恩·柯克,person
13205930,权聆,person
14104960,史蒂文·沃特卢德,person
13564400,德翁·泰勒,person
14468830,杰夫·罗韦,person
14429790,布莱尔·西蒙斯,person
14114530,伊藤秀树,person
10105530,乌维·鲍尔,person
13143010,德克兰·奥布莱恩,person
10271820,吉尔莫·德尔·托罗,person
13136600,张同祖,person
10373970,木下惠介,person
13127930,李霄峰,person
10054650,冈本喜八,person
13197770,阿部雄一 ,person
13625050,李东恩,person
13336620,霍庄,person
12764760,乔治·米勒,person
10421170,瑟琳·席安玛,person
13236280,赵小溪,person
10377190,安德鲁·格里弗,person
13225570,火火,person
12742740,郭涛,person
13146210,濑濑敬久,person
13365250,赖舒·彼查,person
13152350,袁卫东,person
12949490,马丁·波渥斯,person
13537790,谢庭菡,person
10181910,克里斯蒂安·阿瓦特,person
10384720,马里亚诺·寇恩,person
12609420,艾瑞克·英格兰德,person
10449690,保罗·格罗斯,person
12995830,徐小明,person
13192630,杨雅喆,person
13143130,李铉升,person
13767060,高畑秀太,person
13155730,蔡岳勋,person
14098710,王子逸,person
13445870,邢冬冬,person
13424260,李海俊,person
12749900,黛布拉·格兰尼克,person
13510370,格里莫·哈克纳尔森,person
10321290,罗伯·科恩,person
14248820,都留稔幸,person
13873880,阿沛·乔普拉,person
13336710,布朗尼·拉齐塞邦,person
10096550,迈克尔·科斯塔,person
10419160,沃尔夫冈·穆尔恩贝格,person
10450320,马特·里夫斯,person
12756960,孟京辉,person
13425060,张唯,person
13208770,劳伦·斯卡法莉娅,person
12877060,维基·詹森,person
13127940,李昕芸,person
12743480,刘杰,person
10931140,查尔斯·赫曼-温菲尔德,person
13240430,大鹏,person
10055190,威尔弗雷德·杰克逊,person
12784220,爱德华·贝尔格,person
13579780,周彬,person
13369170,林汇达,person
10450400,诺拉·艾芙隆,person
14197210,徐达,person
13637160,山田茜,person
13003940,王小棣,person
10521590,法比奥·古阿廖内,person
13040690,杰拉德·布什,person
13145690,滕华涛,person
13308600,韩晶,person
14304070,朴相铉,person
14260550,罗斯·格拉斯,person
10452360,托马斯·温特伯格,person
13491140,彭禺厶,person
13199780,李焕庆,person
10180300,邓肯·琼斯,person
14580720,权吾胜,person
13506500,米格尔·萨普什尼克,person
13015650,于仁泰,person
10484260,胡金铨,person
14426140,迈克尔·马修斯,person
12933870,加文·欧康诺,person
14204000,香农·墨菲,person
13162720,村田和也,person
13391260,海琳·吉罗,person
12750270,奚仲文,person
13308090,罗棋,person
10324350,西蒙·柯蒂斯,person
13307880,王章俊,person
13030590,尹仁灏,person
10080760,林太郎,person
12274330,嘉博·雷兹,person
13878760,柳伸亮,person
10279170,米拉·奈尔,person
10330900,熊欣欣,person
10251940,甄子丹,person
14317420,美甘义人,person
12745150,今千秋,person
12742460,李力持,person
10527340,布莱恩·伍兹,person
10466500,丹尼尔·里贝罗,person
13136820,李芳芳,person
13200180,麦咏麟,person
10005630,唐纳德·皮特里,person
13161050,杰赫米·克拉潘,person
10503480,赛勒斯·诺拉斯特,person
14537710,S.K.戴尔,person
13271620,李欣蔓,person
14436140,克里斯·帕尔默,person
10500310,迪安·德夫林,person
10002760,柯蒂斯·汉森,person
10004730,卡瑞恩·库萨马,person
13194430,余允抗,person
12803170,彼得·卡坦纽,person
12749030,苏珊娜·怀特,person
10379730,冈村天斋,person
12460160,荒木哲郎,person
13048400,罗伯·莱特曼,person
12748870,石挥,person
13501940,乔·沃茨,person
10409880,迈克尔·哈内克,person
10343540,高坂希太郎,person
13244900,黄进,person
10414010,莱奥·卡拉克斯,person
10551860,安德鲁·戴维斯,person
12867100,岸西,person
10229820,西蒙·金伯格,person
10383330,路易斯·奎莱兹,person
10187990,杰瑞米·德桑,person
12742390,尹丽川 ,person
12761730,刁亦男,person
10185050,塞巴斯特·柯代洛,person
14042100,尤加·维迪葛伦,person
10094630,汤姆·霍兰德,person
12969220,亚伦·施耐德,person
13946640,彭萨·康斯里,person
10019800,成岛出,person
12746900,罗启锐,person
13283750,詹姆斯·庞索特,person
13128810,锦织博,person
11647960,袁牧之,person
14506790,邵和麒,person
13213160,川村泰祐,person
10414900,伯恩哈德·维基,person
10168230,林正英,person
12946020,马西路·品尼路,person
10183780,纳内特·波斯特恩,person
13489920,罗䁐锡,person
13157260,刘仪伟,person
13681680,久保茂昭,person
14126370,卢·热内,person
13011850,黄岳泰,person
10499390,弗兰克·马歇尔,person
13363660,刘仕裕,person
13094010,任弼星,person
12757690,孙立军,person
10140880,巴特·弗伦德里希,person
13402340,李勇昌,person
13312930,郑根燮,person
13551600,马修·海涅曼,person
13077070,埃迪森·特斯利卡森,person
12746650,何念,person
10003770,詹妮弗·林奇,person
10191880,史蒂夫·迈纳,person
10142680,弗雷德·谢皮西,person
12749490,庄宇新,person
10429390,山本映一,person
10093860,胡安·何塞·坎帕内利亚,person
13153090,万籁鸣,person
10424860,Gale Edwards,person
13898670,孙海鹏,person
13039160,斯蒂文·奈特,person
10424810,让-保罗·勒沙努瓦,person
10253030,布鲁斯·贝尔斯福德,person
13451410,易立,person
10410040,罗伯托·贝尼尼,person
10479890,汤姆·提克威,person
13434270,赵范九,person
13256390,邱处机,person
10106270,西德尼·吕美特,person
13048370,安德烈斯·拜斯,person
10326800,河正宇,person
14195760,吴晓刚,person
10413810,罗恩·安德伍德,person
14009990,刘轩狄,person
10496870,马克·罗曼尼克,person
13178580,李凯,person
10097950,阿库·卢希米斯,person
13231050,张惠中,person
10004150,马克·卡罗,person
10413020,盖瑞·罗斯,person
13322340,李继贤,person
14254170,理查德·费兰,person
10179520,基伦·埃弗瑞·韦恩斯,person
12884700,姜国民,person
11637130,赵薇,person
13836810,萨基特·乔杜里,person
13151830,耿军,person
10535640,罗伯特·泽米吉斯,person
10495150,艾米·波勒,person
14450490,乔尔·克劳福德,person
13275300,伊萨拉·纳迪,person
10403440,孙道临,person
13146960,工藤进,person
13324680,刘浩,person
13158240,S·尚卡尔,person
13654660,代梦颖,person
12846570,柯特·格达,person
13540010,丁小雄,person
10325890,菲利普·德·布罗卡,person
10027090,迈克·内威尔,person
13213170,村上正典,person
11942200,张恒准,person
10457100,尼克·里昂,person
12761830,路易斯·曼多基,person
13900820,全高云,person
10417820,比尔·莫伦茨,person
13386930,大卫·韦恩特,person
12168510,乔阿吉姆·罗恩尼,person
13335750,郭志均,person
10054970,柯尔姆·麦卡锡,person
13095620,方刚亮,person
13285420,戴玮,person
10005070,特德·科特切夫,person
12987430,罗宾·史威考德,person
13597260,钱亚·波顿,person
10457540,艾伦·吉布森,person
10438550,格雷厄姆·海德,person
13420800,翠西·西埃,person
13201530,李宰圭,person
12837350,肯·芬克尔曼,person
13877350,卡洛斯·托拉斯,person
13385970,爱丽丝·洛尔瓦彻,person
13187810,王瑞,person
10228390,尼古拉斯·罗伊格,person
10454100,尼古拉斯·希特纳,person
10295200,安南·甘地,person
10182790,富兰克林·沙夫纳,person
13695120,多诺万·玛什,person
13297340,大卫·索伦,person
10002770,汤姆·戴伊,person
13199110,欧·帕克,person
10052640,菲利浦·克洛代尔,person
13848920,本杰明·格德杰,person
10028620,曾志伟,person
10280660,谢米姆·萨尔弗,person
12970580,罗伯特·斯文克,person
10271640,乔恩·费儒,person
10543260,詹姆斯·W. 霍恩,person
13425590,韩东旭,person
10280290,刘易斯·迈尔斯通,person
14015860,苏海尔·贝拉吉,person
13204020,许仁茂,person
13805890,李元泰,person
12982820,本·斯塔森,person
12941860,哈乌·佩克,person
13004120,王昱,person
13647130,罗宾·洛,person
13353360,张忠华,person
12742420,黄渤,person
10155100,佐佐部清,person
14125380,西蒙·麦奎德,person
14197020,片桐健滋,person
13077390,林赞相,person
14042090,裘索·拉提欧,person
13462920,彭宥纶,person
13412770,伊戈尔·科皮洛夫,person
13998620,拉维·德耶瓦尔,person
10125210,大卫·芬奇,person
13853230,帕特里克·英伯特,person
12924390,吉列尔莫·莫拉莱斯,person
10180440,塔西姆·辛,person
12754030,姚树华,person
10381230,汉内斯·赫尔姆,person
13193450,王川,person
13296450,丹·斯坎隆,person
10126460,张艾嘉,person
13295080,孙英胜,person
14062900,何力,person
14000300,黄庆勋,person
13387840,康斯坦丁·布罗斯洛夫,person
13282710,本·豪林,person
13352660,章笛沙,person
12748980,赖声川,person
13596860,卢克·斯科特,person
13165770,徐浩峰,person
10105420,J·J·艾布拉姆斯,person
10387900,Audu Paden,person
10105520,乔斯·韦登,person
10459700,斯坦尼斯拉夫·罗斯托茨基,person
10366050,莱恩·约翰逊,person
13534420,马绍惠,person
10107070,维托里奥·德西卡,person
13029020,巴斯卡·劳吉哈,person
14452750,王丹阳,person
14196480,三瓶圣,person
13067750,A.R.目虏古多斯,person
12817530,安卡·达米安,person
10283250,乔治·乌尔夫,person
13491090,周拓如,person
10544000,史蒂文·索德伯格,person
13173470,格伦·费卡拉,person
13563970,丹尼尔·施纳特,person
13216220,入江悠,person
12810250,高志森,person
10321680,文森特·明奈利,person
13635470,丹尼斯·维德迈尔,person
13632070,陆剑梅,person
10142590,安德鲁·弗莱明,person
12777510,肖恩·贝克,person
12750880,谭家明,person
10230100,奥利维尔·米加顿,person
13205340,韩轶,person
10028430,沃尔克·施隆多夫,person
12742780,曹保平,person
10263190,石原立也,person
10189650,法布里斯·坎内帕,person
11719540,尼科莱·阿尔赛,person
13438580,田中亮,person
10452340,大卫·马肯兹,person
14425140,哈里·麦昆,person
10556180,罗布·施密特,person
13221600,斯科特·斯皮尔,person
13424050,詹姆斯·沃德·布柯特,person
10406710,费尔南多·梅里尔斯,person
12743570,滨崎博嗣,person
10335390,罗德里戈·索佩尼亚,person
13050690,考度拉·卡布里茨-珀斯特,person
13620380,外崎春雄,person
10184720,海登·施拉兹伯格,person
13184940,韦廉,person
13063100,大卫·罗伯特·米切尔,person
10252990,塞西尔·B·戴米尔,person
10254130,扬·特洛尔,person
10368050,拉兹·卡普尔,person
13007260,杰克·维斯特,person
13796330,木头,person
10543960,大卫·柯南伯格,person
10148050,沃伊切赫·斯玛若夫斯基,person
13832550,王磊,person
13617920,常广丈太,person
14195440,阮芳英,person
13812750,大卫阿拉克斯,person
13695130,董兆琪,person
11357910,罗伯特·穆尔,person
10479730,弗兰克·德拉邦特,person
10456430,弗雷德里克·杜周,person
10196770,金庸,person
10220020,米开朗基罗·安东尼奥尼,person
13485300,周可,person
13301130,郑基训,person
10324540,克里斯·韦奇,person
10067690,山崎和男,person
14021420,迈克尔·查维斯,person
10246160,崔健,person
12748120,约翰·赫兹菲尔德,person
10363950,詹姆斯·曼高德,person
12749700,李巨源,person
12921490,吉勒斯·米莫尼,person
13751470,康捷米尔·巴拉戈夫,person
13452780,张春,person
13044800,金成浩,person
13275920,五百,person
13289760,邵晓黎,person
10231690,玛丽娜·德·范,person
13019270,李前宽,person
10198030,费利普·弥勒,person
12792650,埃里克·布雷斯,person
10271910,克里·杜瓦尔,person
12806020,成荫,person
13207770,柯翰辰,person
10324930,大卫·西尔弗曼,person
10238140,杉井仪三郎,person
13397440,吴美保,person
13131220,内森·格雷诺,person
13663500,张昌原,person
13408970,威廉·尤班克,person
10405160,丹尼·德维托,person
10502050,约翰·波尔森,person
13668550,李清舫,person
10481490,奥逊·威尔斯,person
13072670,豪尔赫·R·古铁雷斯,person
10228790,斯图尔特·戈登,person
13918760,埃格尔·巴拉诺夫,person
10286720,柏德潘·王般,person
12751320,梅峰,person
10192300,波·维德伯格,person
10407770,朱利安·施纳贝尔,person
10435900,布莱恩·泰勒,person
11295440,埃里克·梅泰耶,person
13137300,吴克群,person
13343550,玛尼什·莎玛,person
13172370,约什·劳森,person
13277440,黎志,person
13434940,佟亦坚,person
12394610,包·特兰,person
10451610,罗德·拉里,person
13243650,洪智暎,person
12987290,道格·斯威特兰德,person
13561270,仇晟,person
13271430,卞成贤,person
13168730,周克勤,person
12931250,吴思远,person
10253640,杰里·帕里斯,person
10027240,查理·卓别林,person
12950380,戚健,person
13051750,约阿希姆·提尔,person
12925580,尼克·莫里斯,person
13173510,约翰·摩尔,person
13495670,张皓,person
12751510,麦浚龙,person
10413090,安德烈·祖拉斯基,person
10017060,施特凡·柏拉,person
13326440,周隼,person
13408230,斯蒂文·S·迪奈特,person
10407890,泰德·戴米,person
14049020,丹尼尔·歌德哈伯,person
10230090,伯纳德·罗斯,person
14024580,李凎,person
13167200,程东,person
10330300,奥利维耶·杜卡斯泰尔,person
13209680,田昀树,person
13612960,殷飞,person
13362910,黄靖华,person
11261580,麦兆辉,person
14357700,梅米特·艾达·厄兹泰金,person
13599530,黄河,person
13020870,罗宁·提姆,person
10332140,戴思杰,person
10067020,王超,person
12758240,大森立嗣,person
13335940,许树宁,person
14138830,滕丛丛,person
10096390,安妮·芳婷,person
13172000,奥利弗·帕克,person
10004200,大卫·弗兰科尔,person
13195500,派翠西亚·里根,person
10009570,内德·本森,person
13504070,宋阳,person
13635460,凯文·库尔施,person
13954670,张楠,person
10189180,安藤寻,person
12798370,安迪·卡帝夫,person
13172930,韩赤飞,person
13112940,科特妮·亨特,person
13109030,水田伸生,person
10544200,罗曼·波兰斯基,person
13201820,哈利·布拉德比尔,person
10479770,罗伯特·布列松,person
10292330,米洛什·拉多维奇,person
13190810,曲江涛,person
14272220,高桥知也,person
10183540,奥勒·博内代尔,person
13849860,纪吉雄,person
13087520,李·托兰·克里格,person
14111610,珍妮·盖奇,person
13489590,孙皓,person
13496880,相国强,person
10454550,让·维果,person
13446080,保罗·舒尔灵,person
12272780,尼古拉斯·佩谢,person
13661790,宫胁千鹤,person
12740700,金宣,person
13557100,罗克珊·本杰明,person
13410760,十庆,person
10407480,豪梅·巴拉格罗,person
10178850,克里斯·埃文斯,person
10126310,卡连·沙赫纳扎罗夫,person
10729240,史蒂文·布里尔,person
14057510,黄兆函,person
13241900,赵圣熙,person
13550910,克里斯蒂安·古德加斯特,person
12746260,陈建斌,person
13529450,斯科特·曼,person
10325220,凯瑟琳·布鲁克斯,person
13239410,沈乐平,person
12933970,戴米恩·奥唐纳,person
14032940,宋媚,person
13968740,施柏林,person
13168770,阎善春,person
10368060,艾利克斯·德·拉·伊格莱希亚,person
13891850,古斯塔夫·莫勒,person
10410660,罗伯·劳,person
10370330,贾斯汀·查德维克,person
13504100,闫非,person
12993490,菲尔 蒂贝特,person
12039090,朱利叶斯·约拿,person
13163020,连奕琦,person
12750750,林超贤,person
10364420,泰伦斯·马力克,person
10406200,希尔万·肖默,person
13180570,吴天戈,person
12868690,洪基善,person
13396010,于中效,person
13140040,卓比·哈罗德,person
10125430,丹尼斯·阿康特,person
10533480,张铮,person
10513460,樋口真嗣,person
13911110,金勇完,person
11374140,朴赞郁,person
10019550,李作楠,person
10285100,关锦鹏,person
13208280,张海靖,person
14523790,约翰·瑞帕,person
10001480,彭浩翔,person
14203310,片山慎三,person
12897020,李受妍,person
10551570,西奥·安哲罗普洛斯,person
14082900,莎拉·罗珀,person
10560070,拉斯·冯·提尔,person
10142750,乔·努斯鲍姆,person
12912930,松冈锭司,person
10016690,陈哲艺,person
13175860,史蒂芬·贝克,person
13306790,杨立国,person
10545050,蔡明亮,person
13351740,珍妮弗·李,person
13834050,大卫·海克尔,person
13208240,非行,person
10182320,丽莎·查罗登科,person
12774640,米盖尔·阿尔特塔,person
10226520,格蕾塔·葛韦格,person
12931910,朗斯·尼美毕达,person
12923880,丹尼尔·蒙宗,person
10144440,戴夫·马卡基,person
13153820,深川荣洋,person
13068430,那奇欧·维加隆多,person
11659170,安迪·威尔逊,person
10149960,达米恩·查泽雷,person
12913690,莱斯·梅菲尔德,person
10505080,增村保造,person
12899170,克里斯蒂安·莱沃,person
13083630,安权太,person
13353960,李铢真,person
13951230,王岩川,person
10484090,热拉尔·乌里,person
13282050,尹尚孝,person
11627940,山田洋次,person
13144460,奥利维耶·梅斯,person
10499590,艾里克斯·库兹曼,person
10045710,伊丽莎白·班克斯,person
14167690,马特·皮特斯,person
10167000,迈克尔·柯蒂兹,person
13496470,特里·爱德华·沙尔茨,person
13293150,鲁德,person
13462350,金泰经,person
13161220,泷口祯一,person
11938800,玛丽埃尔·海勒,person
13240860,钱晓鸿,person
12921340,迈克·米尔斯,person
12758550,张暖忻,person
14465790,雷米·威克斯,person
12140040,马里奥·安德鲁西奥,person
10450010,詹姆斯·L·布鲁克斯,person
13557780,王郢,person
10373150,托马斯·古铁雷兹·阿莱,person
13251040,束焕,person
10108840,埃里克·托莱达诺,person
12761610,杨光远,person
10004810,凯文·格劳特,person
10419080,堤幸彦,person
10140620,西恩·迈德斯,person
10046750,弗兰克·米勒,person
13038140,加斯·詹宁斯,person
10281260,野村哲也,person
13752020,陈咏燊,person
12992480,麦克·特米尔,person
10367350,梅尔·史密斯,person
10366650,奥托·普雷明格,person
13181890,蓝志伟,person
10182220,李·塔玛霍瑞,person
10138080,杰梅奈·克莱门特,person
12936830,马克·奥斯本,person
10322380,迈克·菲吉斯,person
13600380,长崎健司,person
13460770,金亚伦,person
13272420,金英卓,person
10408330,斯蒂芬·赫瑞克,person
11115820,姜帝圭,person
12947150,潘源良,person
13264610,尼尔森·麦科米克,person
13159920,伊藤智彦,person
10106460,弗兰克·威利,person
13218120,安东尼·罗素,person
14575930,蔡汝俊,person
13478030,迪恩·以色列特,person
13938760,余涛,person
10139800,布莱恩·海尔格兰德,person
13128260,龟垣一,person
10294850,让-弗朗索瓦·拉吉奥,person
10092800,哈罗德·兹瓦特,person
10319740,乔·兰福特,person
12991890,巴纳比·汤普森,person
10227330,马修·卡索维茨,person
13014130,杨荔钠,person
10124500,拉塞尔·穆卡希,person
12746990,赵宝刚,person
0,暂无信息,person
10544400,史蒂文·斯皮尔伯格,person
13376030,泰勒·吉勒特,person
14326580,马克斯·巴尔巴科夫,person
13220010,朱枫,person
10459870,阿尔韦托·罗德里格斯,person
10256710,河森正治,person
13195200,吉尔·布尔多,person
12930950,杰夫·纽威特 ,person
13308840,宋迪,person
10498930,布拉德·塞伯宁,person
13165480,李彧,person
13152080,丁善玺,person
13759660,王冉,person
10005370,克里斯托夫·奥诺雷,person
13391680,什里·那拉扬·辛,person
13657490,雅恩·戈斯兰,person
13739330,杰克·海勒,person
10201510,青山刚昌,person
10410000,达伦·阿伦诺夫斯基,person
13219100,钱运达,person
10283360,蒂姆·费威尔,person
10282360,杰茜卡·豪丝娜,person
13455210,三浦贵博,person
14435120,松木彩,person
12743280,吉浦康裕,person
12981640,埃文·斯彼里奥托普洛斯,person
10186320,乔·阿尔夫斯,person
10450310,菲利普·诺伊斯,person
10026920,伊莱·罗斯,person
10008510,让-保罗·拉佩诺,person
10095550,康拉德·弗农,person
13489460,埃内斯托·达拉纳斯,person
13149230,翟俊杰,person
13189430,孙羽,person
13340930,阿尔贝托·巴斯克斯,person
11229560,闵奎东,person
10072420,约瑟夫·维尔斯麦尔,person
12742610,贾樟柯,person
13278780,向华胜,person
13197500,劳剑华,person
11607650,易智言,person
10226310,麦当娜,person
10183360,杨·塞谬尔,person
10027720,巴里·索南菲尔德,person
12810330,沃伦·科尔曼,person
10252390,约翰·休斯顿,person
10052190,迈克尔·克里斯托弗,person
10017470,T. Hee,person
13810090,凯文·坦查隆,person
10242600,泽井信一郎,person
12898890,维克多·列文,person
13433040,赵根植,person
13141270,山田尚子,person
12760890,李国立,person
10291080,郑镇荣,person
14073290,保罗·萨特菲尔德,person
10252170,乔纳森·弗雷克斯,person
10009880,加布里埃尔·阿克谢,person
10191370,迈克尔·肖沃特,person
12891500,元奎,person
13318610,迈克尔·迈耶,person
13455900,丰岛圭介,person
13083360,埃文·戈德堡,person
14044530,李伯勋,person
10275870,哈罗德·贝克尔,person
10095430,彼得·赫奇斯,person
10511040,凯伊·威索,person
10407970,卢基诺·维斯康蒂,person
12930330,杰茜·尼尔森,person
13279500,赵真奎,person
13318210,伊丽莎·希特曼,person
13489290,埃斯塔班·罗艾,person
12877700,罗温·乔夫,person
10498340,佐伊·利斯特·琼斯,person
13325120,史文炽,person
13402480,陆锦明,person
13265780,马希尔·萨门多,person
12571700,John Berardo,person
13166200,郝杰,person
13401470,内特·李,person
13303960,提莫·塔哈亚托,person
13270840,常远,person
14015800,莱蒂齐娅·拉马蒂雷,person
13200960,鲁伯特·桑德斯,person
14318870,柴山智隆,person
10449450,乔·庄斯顿,person
13260700,卢庚戌,person
13916520,卡米尔·维达-那克,person
10269670,北爪宏幸,person
10251480,盖·里奇,person
13763230,陈伟文,person
12880200,约翰·凯世,person
13157620,彼得·西格尔,person
14337380,腰繁男,person
13519740,吴达均,person
13242560,高则豪,person
10458430,塞巴斯蒂安·席佩尔,person
13166690,靳夕,person
14393720,凯伦·摩尔,person
12750040,叶伟民,person
12068070,斯科特·克里斯汀·萨瓦,person
13219890,金波·兰道,person
12885360,金大佑,person
10026760,罗宾·怀特,person
12754550,张歆艺,person
13209750,胡学林,person
13273710,李洋,person
13140290,赵天宇,person
10251930,保罗·格林格拉斯,person
13436190,卢恒宇,person
13273610,李非,person
13283130,崔斯韦,person
10288640,李·以萨克·郑,person
13654650,周彤,person
10007260,陈果,person
13218530,今西隆志,person
13509000,王一淳,person
14398040,提·辛纳帕拉迪,person
12908160,戴维·马利特,person
13226880,葛桂云,person
13261330,宇田钢之助,person
14285180,扎克·利波夫斯基,person
10507270,马克斯·法贝尔布克,person
13179740,金韬,person
13136670,望月智充,person
10414560,约翰·马斯克,person
10355440,汤晓丹,person
10451690,吉姆·艾布拉姆斯,person
10006240,迈克尔·道斯,person
13488710,马克·亚伯拉罕,person
13244890,林世勇,person
13251180,福田雄一,person
13183670,卫翰韬,person
10413200,阿利森·安德斯,person
10093960,F·加里·格雷,person
13527750,丁怡瑱,person
13130500,吴昱翰,person
13464220,李洙成,person
13000760,泽维尔·比利亚韦德,person
10447330,艾米利奥·艾斯特维兹,person
13378960,陈晓雷,person
13977190,宋文,person
13994380,中川龙太郎,person
13389350,成时翕,person
13444700,戴夫·格林,person
13055960,阿斯各·莱斯,person
13525770,林永长,person
13290460,费尔南多·冈萨雷斯·莫利纳,person
13144020,林子聪,person
13261780,谢洪,person
10277740,保罗·达诺,person
10321110,泽维尔·多兰,person
14149490,迪兰·布朗,person
14308490,矫野松,person
10191570,阿涅斯·瓦尔达,person
13220110,穆德远,person
10366740,迈克尔·霍夫曼,person
12743900,吕聿来,person
13579120,麻又台,person
13142080,郑大圣,person
12788590,詹姆斯·博宾,person
14376730,克里斯蒂娜·索塔,person
13947860,许龙,person
12837010,迈克尔·费穆格纳瑞,person
13994640,崔炎龙,person
10584980,史蒂芬·安汀,person
13504090,彭大魔,person
10141150,阿方索·阿雷奥,person
14169930,马丁·施莱尔,person
10545300,梅尔·吉布森,person
13162810,徐啸力,person
12758380,平川雄一朗,person
11390430,筱原哲雄,person
13160560,韩杰,person
13564160,乔西·洛克,person
13983170,葛鑫,person
13263320,松本花奈,person
13517080,朝仓加叶子,person
13400720,刘宁,person
10272450,比尔·康顿,person
12854460,阿里斯特·格里尔森,person
10329440,三隅研次,person
14048720,邢时苗,person
12747660,落合正幸,person
11588610,泷田洋二郎,person
10552580,詹姆斯·惠尔,person
13937400,陈廖宇,person
13750910,西蒙·阿布德,person
13174750,谢东燊,person
14235940,梅尔·图琪,person
12297560,列万·阿金,person
13514620,蔡志忠,person
13190600,徐景达,person
10046430,托尼·贾,person
14215140,安佳星,person
10428390,诺夫·舒贝尔,person
10045180,斯坦尼斯拉夫·戈沃鲁辛,person
10233710,尼克·巴斯阿扎,person
10451800,泽维尔·吉恩斯,person
14449660,扎西才加,person
10369430,达格·卡利,person
13279410,金辉,person
10143370,杰·拉塞尔,person
13820970,阿尔珀·卡格拉,person
12952470,凯尔·兰金,person
10184940,费尔南多·莱昂·德·阿拉诺亚,person
14118830,金振成,person
10545100,阿巴斯·基亚罗斯塔米,person
12743310,王晶,person
10423810,比约恩·史坦,person
13662530,克里斯托夫·卢尔德莱,person
13539550,李日炯,person
13130940,高晓松,person
13880440,宾-汉·图,person
13631870,黎文杰,person
12883410,大卫·凯洛格,person
10014040,奥利维埃·纳卡什,person
12930760,爱德华·诺麦尔,person
13221620,金正焕,person
14174660,杜斌,person
13516500,曾庆杰,person
10320210,沃尔夫冈·彼德森,person
14088590,安格尔·戈麦斯·埃尔南德斯,person
10376140,哈伊鲁丁·克尔瓦瓦茨,person
13138750,黄宏,person
11646350,大友克洋,person
13306950,莫希特·苏里,person
10291570,冲浦启之,person
14263570,李凌霄,person
14166450,袁烁,person
13274890,黄仁浩,person
12860370,罗德·哈迪,person
13217160,三岛有纪子,person
13354990,李炳宪,person
13244870,姚婷婷,person
11659850,彼得·维纳,person
10452020,乔恩·阿米尔,person
13040310,加仑·T·楚,person
12797520,亨德尔·布托伊,person
12742660,三木孝浩,person
10556070,彼得·霍顿,person
10094420,丹尼·伯恩,person
10190380,鲁伯特·艾弗雷特,person
12887220,莱因哈德· 克洛泽,person
13318870,苏伦,person
10496780,诺亚·鲍姆巴赫,person
13165850,邓勇星,person
10325870,安德鲁·伯格曼,person
10192420,亚历杭德罗·阿格雷斯蒂,person
11789910,大卫·科尔,person
10497160,克里斯·哥伦布,person
12903100,彼得·洛伊德,person
10452850,詹姆斯·马什,person
14161920,梁鸣,person
13623120,托马斯·凯尔,person
10543870,阿伦·雷乃,person
10230930,加布里埃莱·萨尔瓦托雷斯,person
13206760,卢正雨,person
12804190,陈勋奇,person
13006480,格伦·维斯,person
13178540,易小星,person
13192520,张林子,person
10187080,王小帅,person
10036980,约翰·哈拉斯,person
14514430,本·温斯顿,person
12743300,宁瀛,person
13925230,房秀吟,person
12742970,徐峥,person
13264490,萧力修,person
10506910,杰瑞·扎克斯,person
12811390,罗伯特·康诺利,person
10252870,布莱克·爱德华兹,person
13071890,安德鲁·道格拉斯,person
13240530,张立嘉,person
10326280,约翰·霍华德·戴维斯,person
10193880,约翰内斯·罗伯茨,person
11948370,莱·拉索-扬,person
10484770,克萨韦·施瓦岑贝格尔,person
14191470,大内贵仁,person
13016970,张杨,person
10367400,格里高利·霍布里特,person
12088430,费德·阿尔瓦雷兹,person
13405650,禹民镐,person
11278190,吴君如,person
12995690,曾瑾昌,person
13306140,梁小熊,person
13212430,西娅·夏罗克,person
14123030,维克多·哈布希,person
13452390,加妮克扎·布拉沃,person
13454530,阿莱·阿布鲁,person
10377470,顾长卫,person
10558870,洪金宝,person
13632300,艾瑞克·韦林,person
10368680,琳恩·拉姆塞,person
14552130,斯特法诺·安塞尔米,person
10280330,茂文·勒鲁瓦,person
10453300,让·贝克,person
13157940,苏里,person
12055580,查恩·厄尔马克,person
10098690,依莱姆·克里莫夫,person
10125160,布莱恩·德·帕尔玛,person
10449750,皮埃尔·莫瑞尔,person
13210710,山口祐司,person
13335160,尼古拉斯·彼得森,person
13128700,古宇,person
13543800,刘伟恒,person
14388130,大卫·古尔德,person
13355150,谷垣健治,person
10365370,大卫·S·高耶,person
10542360,克洛德·夏布洛尔,person
10391830,杨贻茜,person
13140230,朱佳梦  ,person
10252460,理查德·林克莱特,person
14543180,沈荣骥,person
10192350,加美·尤伊斯,person
13107390,邓特希,person
13186720,苗月,person
13518320,伊利亚·奈舒勒,person
10096260,贾法·帕纳西,person
10506790,布鲁诺·努坦,person
11037660,安德烈·康查洛夫斯基,person
13427510,甘剑宇,person
11640690,矢口史靖,person
10282680,史蒂芬·布塞,person
13206480,高炳权,person
13051150,朴珍杓,person
13966910,尼基塔·阿格诺夫,person
12745340,曾国祥,person
10463650,芦田丰雄,person
13224520,贺梦凡,person
13665470,邹江,person
10103220,亚历山大·德·拉·巴特里耶,person
12846410,西斯科·盖伊,person
13230860,金洪宣,person
10254310,阿兰·科诺,person
10363420,肯尼思·布拉纳,person
10499470,格里夫·弗斯特,person
10454710,罗斯·卡兹,person
12856480,桑吉·古普塔,person
13832150,金泽洪充,person
13550970,宋晓峰,person
10026680,塞斯·罗根,person
14344030,夏晓明,person
13302770,本·法尔科内,person
13635950,黑柳利充,person
10355790,竹中直人,person
13299790,曹义锡\u200d,person
10055890,大卫·休·琼斯,person
14262280,沙海龙,person
13252060,殷悦,person
10190160,罗伯特·罗德里格兹,person
10414280,吉洛·彭泰科沃,person
13189350,李京美,person
12897650,大卫·雷奇,person
13843270,本·C·卢卡斯,person
14159190,王德庆,person
13080520,克雷格·麦克尼尔,person
13931800,阿里·苏赞德,person
10429030,吴永刚,person
12743220,诹访敦彦,person
12786760,约翰·伯金,person
13534170,亚伦·汗,person
10410210,格斯·范·桑特,person
13265320,乔丹·沃格特-罗伯茨,person
13011900,黄毅瑜,person
13299970,孙立基,person
10325330,西恩·马提亚斯,person
13582010,文在容,person
10412990,乔恩·阿维奈,person
13448660,艾伦·穆尔黑德,person
10001770,吉约姆·卡内,person
10325930,伊日·门泽尔,person
11443960,伊丽莎白·霍尔姆,person
13184770,董玲,person
10253650,安德鲁·麦克拉格伦,person
13147220,韩天,person
10280600,谢尔盖·邦达尔丘克,person
13178640,郭爽,person
12150230,佛罗莱恩·泽勒,person
14578650,傅鸫,person
12848450,布莱恩·吉尔伯特,person
10143270,凯利·阿斯博瑞,person
13395380,赖俊羽,person
13427000,王大庆,person
13449240,高桥涉,person
13937430,托德·维尔德曼,person
13454980,田晓鹏,person
10415440,约翰·吉勒明,person
13094670,克洛德·巴拉斯,person
12759740,鄢钷,person
13333590,海曼·查泰密,person
11620690,弗雷德·沃尔夫,person
13197580,江澄,person
13195610,亨利·霍伯森,person
10318160,托马斯·简,person
10096430,亚历杭德罗·戈麦斯·蒙特维尔德,person
13366470,莱昂·乔森,person
13133060,斯科特·库珀,person
13230090,古泽健,person
10140560,凯文·雷诺兹,person
13770950,李明文,person
13266210,三宅唱,person
14140590,邓志巍,person
12980080,彼得·孙,person
10364210,肯·马里诺,person
13272580,李华彤,person
10237160,山姆·泰勒,person
13624820,阿列克谢·特斯蒂斯林,person
10198960,黄建新,person
12743850,罗泓轸,person
12842840,塞夫,person
10191180,霍华德·霍克斯,person
13632080,刘玉洁,person
12812720,埃里克松·科尔,person
12765460,安德泽·巴特科维卡,person
14126310,渡边政治,person
13165200,冯超,person
12819200,迈克尔·戴维斯,person
11686760,吴天明,person
13155440,萨娜·汉姆利,person
13146220,石井裕也,person
13158870,姜炯哲,person
13163750,冲田修一,person
14392240,李孟桥,person
12864600,乔纳森·汉斯雷,person
13695810,马丁·法里纳,person
10279550,迈克尔·鲍威尔,person
13992340,金承宇,person
13429840,塞德里克·吉门内兹,person
13903480,康大奎,person
13227280,麦大杰,person
10363980,蒂尔·施威格,person
12790200,罗丝·博斯,person
14196290,霍穗强,person
10027740,巴瑞·莱文森,person
14175510,孟卫兵,person
12806890,赵崇基,person
13177930,尹祺,person
13919830,艾伦·斯密特,person
13489280,胡安菲尔·安德烈斯,person
13386060,加布里尔·梅内提,person
10450930,加布里埃莱·穆奇诺,person
12799840,罗宾·坎皮略,person
10513030,诺曼·弗格森,person
10320200,罗伯特·奥特曼,person
13513530,莱利·斯特恩斯,person
10192100,香特尔·阿克曼,person
12792770,埃里克·布雷维格,person
11992960,弗洛里安·大卫·菲茨,person
14325070,花房真,person
13181300,雷献禾,person
12743130,邱礼涛,person
12742450,陈嘉上,person
13319880,彼得·兰德斯曼,person
13654860,莎拉·史密斯,person
10535650,凯瑟琳·毕格罗,person
14519480,徐宥敏,person
14086630,黄志,person
13206490,林君阳,person
13230510,胡耀辉,person
14116700,维卡斯·巴尔,person
13194660,李惠民,person
10425340,张婉婷,person
13610730,杰夫·泽姆巴利斯特,person
12750920,布里兰特·曼多萨,person
10325050,贝特朗·布里叶,person
13491080,吴子云,person
12856600,劳伦斯·哥特曼,person
10275800,理查德·隆克瑞恩,person
12749980,汤姆·霍伯,person
13208480,田沁鑫,person
13088410,陈骏霖,person
10138940,赛尔乔·莱昂内,person
13166070,史蜀君,person
13209620,傅天余,person
12898190,梁普智,person
10366270,格雷格·阿拉基,person
13221750,延尚昊,person
10190540,弗兰克·奥兹,person
14170600,朴晸培,person
10052270,尤瑟夫·夏因,person
12751490,尹志文,person
13860240,陈维亚,person
13861310,石立太一,person
10227910,亚历山大·阿嘉,person
13322110,鲁本·奥斯特伦德,person
12877750,克拉克·约翰森,person
12756040,郭在容,person
13769330,朱利安·内尔,person
10104670,托尼·艾尔斯,person
12900700,凯文·利玛,person
13653970,Papu Curotto,person
10141100,贝尼特·米勒,person
13342580,朱利叶斯·艾弗里,person
12986020,埃里克·斯泰尔斯,person
13140510,五十岚卓哉,person
12424380,李澈河,person
12755010,许宏宇,person
12748560,丁晟,person
13802380,埃里克·巴比尔,person
13329030,陈西禾,person
10147630,李忠志,person
12760150,徐正超,person
10191060,肯·洛奇,person
13166470,林靖杰,person
13014810,林顺礼,person
13011380,比勒·沃道夫,person
13496890,罗安得,person
13136150,新城毅彦,person
13362740,西蒙·斯通,person
13130020,皮埃尔·布特龙,person
13209550,王坪,person
13950410,郭修篆,person
13044850,西恩·埃利斯,person
10141570,奥利弗·希施比格尔,person
10105810,切瓦特·埃加福,person
13366690,安迪·海伊,person
13205440,李海洋,person
13455010,鹤桥康夫,person
13353970,西奥多·梅尔菲,person
10709890,理查德·布鲁克斯,person
12742720,阿牛,person
13440290,加里·多伯曼,person
13619660,野末武志,person
10167270,格恩迪·塔塔科夫斯基,person
14192900,洪承完,person
10231110,马塞尔·卡尔内,person
12913590,约翰·梅布里,person
14149060,拉吉·利,person
13582630,朱利亚·迪库诺,person
12954490,克里斯·雷纳德,person
12742550,冯小刚,person
10165980,莉莉安娜·卡瓦尼,person
10323120,斯科特·弗兰克,person
13176730,亚历山大·科特,person
13147380,米家山,person
10510680,迪特尔·贝尔讷,person
13287690,贾玲,person
10048950,塞缪尔·贝尔,person
13242880,孟奇,person
10670150,谢尔盖·波德罗夫,person
10066920,荒井晴彦,person
10004400,卡里·尤索宁,person
10413560,柯克·琼斯,person
10179860,尼克·卡萨维蒂,person
12748910,王竞,person
12746070,杨凡,person
13240560,裘仲维,person
13243640,宫本幸裕,person
10051980,唐·斯卡尔蒂诺,person
10535780,弗朗索瓦·欧容,person
10151430,钱升玮,person
12916850,克瑞格·麦克林恩,person
12906060,托比·麦克唐纳,person
12734000,蔡康永,person
10280910,米尔科·曼彻夫斯基,person
13841900,中江和仁,person
10003040,马丁·麦克唐纳,person
10227540,彼得·博格丹诺维奇,person
13490360,洪元灿,person
12757420,叶大鹰,person
13314290,安东尼·C·费兰特,person
13212400,小林义则,person
13587000,黄绮琳,person
13529260,白宗烈,person
13463600,罗喜灿,person
12980760,亚珥拔的·索普塞特,person
10363020,乔纳·希尔,person
12887610,安德鲁·耐特,person
12751470,大卫·叶茨,person
12749140,果靖霖,person
11613100,游乃海,person
13129550,武兆堤,person
10094550,鲍勃·福斯,person
12940630,乌贝托·帕索里尼,person
10363640,尼姆罗德·安陶尔,person
13069700,雷米·贝占松,person
12851860,丹尼·高顿,person
10060200,马科斯·伯恩斯坦,person
10328330,彼特·纳斯,person
13159770,程腾,person
10510410,鲍里斯·赫列勃尼科夫,person
10095610,丹·吉尔罗伊,person
13166170,俞白眉,person
10207660,乔伊·巴彻勒,person
10255310,斋藤工,person
10320640,乔纳森·戴米,person
14486680,张伟,person
10499360,让·雷诺阿,person
12740810,小沈阳,person
13435850,本·萨弗迪,person
10939550,雨果·热兰,person
13051660,拉杜·裘德,person
10142150,尼古拉斯·迈耶,person
12773500,荒户源次郎,person
13173750,韩兆,person
14132580,朴世上,person
13760830,泰勒·尼尔森,person
13597640,张大磊,person
13273390,德鲁·皮尔斯,person
10102920,克里斯提诺·波顿,person
10140870,伊万·阿达勒,person
14369680,德鲁·T·皮尔斯,person
10319210,保罗·安德森,person
10697080,大卫·巴特勒,person
13764640,迈克·舒瓦茨,person
10119870,芹川有吾,person
10180910,路易斯·莱特里尔,person
13192280,棚田由纪,person
13162630,西坂瑞城,person
13129590,元永庆太郎,person
10000470,扎克·布拉夫,person
13256510,谢鸣晓,person
13013420,吴子牛,person
10783560,陈坤厚,person
10425950,梁允豪,person
13880730,阎羽茜,person
10293330,费穆,person
14426710,朱凌锋,person
13314310,卢宏轩,person
10325520,托马斯·伯祖查,person
10551750,理查德·贝里,person
10364090,阿方索·卡隆,person
12742340,陈庆嘉,person
10354670,比尔·罗伯茨,person
13173820,王珈,person
12163930,田中光敏,person
10048750,大卫·格里菲斯,person
10407570,凯文·麦克唐纳,person
14591730,洪成恩,person
10144400,米哈依尔·卡拉托佐夫,person
10496880,马克·韦布,person
13900810,李章焄,person
13427020,金东明,person
12824560,严定宪,person
10365330,拉加·高斯内尔,person
10274520,缇·威斯特,person
10361860,塞德里克·萨科,person
10454880,帕特里克·亚力桑德罗,person
12871840,尼克·赫伦,person
13177310,山内重保,person
10152020,保罗·布里兹,person
12770510,罗杰·阿勒斯,person
14163290,格兰特·斯布托尔,person
13170550,巨兴茂,person
10322460,菲尔·奥尔登·罗宾森,person
12816270,保罗·柯瑞,person
10405480,迈克·尼科尔斯,person
13267430,金浩俊,person
10421740,阿希姆·冯·博里斯,person
13544750,安东尼·海明威,person
10009870,罗伯特·哈默,person
13178630,潘安子,person
12707880,Calum Rhys,person
13136500,祖峰,person
10326140,吉姆·沙曼,person
13393710,征长张,person
10497760,法提赫·阿金,person
13080120,程珑,person
10137920,约翰·卡朋特,person
12931480,威廉姆·尼克尔森,person
13488700,三村晴彦,person
10544250,马丁·斯科塞斯,person
10499780,奥利弗·帕克,person
10181870,罗杰·米歇尔,person
10171030,郑丹瑞,person
10115130,文章,person
13042070,庾河,person
13410160,金成勋,person
12904080,乔恩·卢卡斯,person
10095360,马克·沃特斯,person
10408230,乔纳斯·阿克伦德,person
10508310,克莱德·布鲁克曼,person
10552650,马丁·布莱斯特,person
14174800,境宗久,person
13454800,詹妮弗·肯特,person
13311820,肖洋,person
10543880,保罗·托马斯·安德森,person
13344020,御法川修,person
12742990,细田守,person
13140910,雅各布·舒,person
10101100,托马斯·雅恩,person
13342360,陈静,person
12079020,迈克·弗拉纳根,person
10535850,杨德昌,person
10288810,宋海星,person
13021660,伊坦·柯亨,person
10453040,朱里安·杰拉德,person
13086800,索菲·巴尔特,person
13285620,迈克尔·诺尔,person
14443180,凯文·约翰逊,person
13141630,米林宏昌,person
10251460,李连杰,person
13029070,邓肯·塔克,person
10050090,卢克·格林菲德,person
13409900,袁杰,person
12986490,孙周,person
10191240,赖纳·维尔纳·法斯宾德,person
13435180,李豪凌,person
10228110,尼古拉斯·雷,person
13946660,纳·约斯瓦塔纳蒙,person
13374550,古志斌,person
10027040,威廉·夏特纳,person
12749630,詹姆斯·麦克特格,person
10183120,马可·罗科,person
12807880,钟继昌,person
10328080,乔丹·皮尔,person
13706710,苏珊娜·福格尔,person
10368260,曼努埃尔·德·奥利维拉,person
13275290,皮查农·塔玛杰拉,person
13368070,谢涤葵,person
13159510,谷口悟朗,person
13910860,白秋林,person
13789280,金周焕,person
13262290,迈克尔·泰兹,person
13105530,克里斯·艾伯翰斯,person
13450160,卡尔·蒂贝茨,person
10051770,新海诚,person
13195920,张训玮,person
13241180,胡崇曦,person
13168280,陆可,person
13003930,王好为,person
13048110,詹姆斯·瓦特金斯,person
13166520,柯贞年,person
13761280,帕斯卡·塔纳提,person
13077880,菲尔·约翰斯顿,person
10365930,弗里茨·朗,person
13661610,多米尼克·库克,person
12743980,中村义洋,person
13203430,蒂姆·希尔,person
12749170,洛朗·蒂拉尔,person
10012930,亚历山大·雅丁,person
13982380,乔恩·欧布,person
13074900,普安农 ,person
10047670,亚历桑德罗·佐杜洛夫斯基,person
13216180,傅咏,person
13496480,韩俊熙,person
13200580,林伟伦,person
13621530,兼重淳,person
12742520,李晨,person
10054120,维拉·希蒂洛娃,person
13184060,杨文军,person
14202900,李相槿,person
10412480,唐·希格尔,person
13487010,区焯文,person
14550260,钱林林,person
12892630,黎继强,person
14103290,南大中,person
12754040,云翔,person
13238570,赵德胤,person
13204310,冈本浩一,person
10543980,张艺谋,person
13194840,梅尔·扎奇,person
10230200,伊利亚·苏雷曼,person
13376020,马特·贝蒂内利-奥尔平,person
10339660,佐藤顺一,person
13570240,尼古拉斯·麦卡锡,person
13184950,宋业明,person
12827890,克里斯丁·杜瓦,person
10094990,阿彼察邦·韦拉斯哈古,person
10369780,黎明,person
13143810,前田真宏,person
10145550,罗兰德·苏索·里希特,person
13266500,花明,person
12812000,罗娜·库克,person
13224760,黄泰来,person
13130070,陈德森,person
10098270,萨米埃尔·本谢特里,person
14062700,林镇秀,person
13644390,宮元宏彰,person
13272130,沈耀庭,person
13440610,李坚,person
10370790,埃默里克·普雷斯伯格,person
13182650,李歇浦,person
10324220,巴塔萨·科马库,person
13186680,李俊,person
13063180,葛兰迪·伊文,person
10535700,许鞍华,person
10106080,西德尼·波拉克,person
13249670,丹·克劳斯,person
13195360,孙仲,person
12928370,丹尼尔·麦里克,person
13507600,周格泰,person
12742650,宁浩,person
13991940,白雪,person
12755030,水岛精二,person
10512490,雨宫庆太,person
13427010,杨智麟,person
10323100,克里斯托弗·兰登,person
10027320,布莱特·拉特纳,person
12975810,詹姆斯·西尼奥雷利,person
13774140,松木创,person
10053190,陆川,person
10249490,特伟,person
14505340,维多利亚·范纳西蒂娜,person
13412140,忻钰坤,person
13279040,本杰明·雷内,person
13270560,托尔·弗罗伊登塔尔,person
10560460,乔治·米勒,person
13057870,平松惠美子,person
13358340,高雄统子,person
13207630,文伟鸿,person
10071110,约瑟夫·L·曼凯维奇,person
10252210,韦斯·克雷文,person
13610740,迈克尔·泽姆巴利斯特,person
12510340,约翰·波利昆,person
12110870,杰森·雷西格,person
13187090,刘鸿泉,person
13506520,皮耶特罗·马切罗,person
13131520,李·施特恩塔尔,person
12750210,西恩·安德斯,person
10106310,乔尔·埃哲顿,person
10322750,维克多·弗莱明,person
14071480,李聪贤,person
13511850,马克·拉索,person
12751210,邹凯光,person
10322910,斯科特·摩西尔,person
10326920,克洛德·索泰,person
13165590,尹济均,person
13074150,李海暎,person
10506940,深作健太,person
13228690,罗惠德,person
12768700,刘国昌,person
13298550,原雅轩,person
12754120,朱延平,person
10273350,尼古拉斯·温丁·雷弗恩,person
12811850,巴里·库克,person
13106360,唐·霍尔,person
10196760,熊井启,person
10147470,乔恩·克劳兹,person
12851090,夏钢,person
12742820,安迪·菲克曼,person
10368380,阿格涅丝卡·霍兰,person
10330960,神山健治,person
10097030,让-弗朗索瓦·雷切,person
10629190,奉俊昊,person
10007990,让-巴普蒂斯特·安德烈,person
12787720,Jim Blashfield,person
12893080,林爱华,person
13175850,J·C·尚多尔,person
13840780,卡罗琳·拉布里奇,person
12979650,布莱恩·斯莫兹,person
13214880,冯志强,person
10232040,安娜贝尔·杨科尔,person
13201320,克里斯·艾迪生,person
13738830,本·扬,person
14015330,金宝拉,person
12941360,帕维乌·帕夫利科夫斯基,person
12783240,史蒂夫·班德莱克,person
13180430,林楠,person
12906550,道格拉斯·麦金农,person
13172650,金泰均,person
10323250,安杰伊·瓦伊达,person
13249500,李阳,person
10364370,亚当·尚克曼,person
10479980,埃米尔·库斯图里卡,person
10169790,张坚庭,person
10071440,卡尔·西奥多·德莱叶,person
12945480,虞戡平,person
14273690,卡洛斯·马丁内斯·洛佩斯,person
10544300,伍迪·艾伦,person
13656310,刘国楠,person
13449380,戴思睿·阿卡万,person
13380020,约翰·麦卡伦,person
13579290,常晓阳,person
12759310,青木荣,person
13156490,昆汀·杜皮约,person
10542940,罗伯特·Z·伦纳德,person
13051250,王君正,person
10457030,弗拉基米尔·博尔特科,person
10311610,卡米尔·狄拉玛,person
10453480,埃米利·阿朵里诺,person
13358380,王丹,person
13291420,乔彧,person
13150990,柯受良,person
13923470,森垣侑大,person
13237530,陈兵,person
10178430,韦家辉,person
10406730,理查德·柯蒂斯,person
13934240,马小刚,person
13165620,邢潇,person
13075220,尼提瓦·塔拉吞,person
13577090,费格尔·雷利,person
10254180,成濑巳喜男,person
12867250,何蔚庭,person
10503090,布鲁斯·A·埃文斯,person
13163500,宁海强,person
10027160,埃德加·赖特,person
13162530,西谷弘,person
10414660,玛嘉·莎塔琵,person
10418830,坂口博信,person
13183340,陈国星,person
13128640,李芸婵,person
13788920,李智媛,person
12994950,皮特·特拉维斯,person
13274810,竹卿,person
13185030,吴琦,person
13784640,诺拉·托梅,person
13345420,徐宏辉,person
10369190,约翰·古拉格,person
12934780,林·奥汀,person
10149980,梅丽娜·马苏卡斯,person
12870400,胡安,person
10147160,庄文强,person
13008290,约翰·怀特塞尔,person
10938430,侯孝贤,person
12817750,罗德·丹尼尔,person
12993210,杜国威,person
10778270,罗伯·鲍曼,person
10454110,弗兰克·皮尔森,person
12805710,陈佩斯,person
10321820,阿德里安·莱恩,person
13797320,胡一泊,person
12960050,达雷尔·鲁尼,person
13136260,钟澍佳,person
13175820,加里·麦肯德莱,person
10329560,格雷姆·哈珀,person
10278470,迈克·乔吉,person
12984090,罗伯特·斯蒂芬哈根,person
13818830,闫乐阳,person
10405540,哈罗德·雷米斯,person
10148120,宋一坤,person
10918410,汉斯·海因里希,person
13700920,钱泠泠,person
10545070,乔治·卢卡斯,person
13201400,李圭满,person
13076140,崔东勋,person
10368900,加里·弗莱德,person
10183220,特伦斯·杨,person
10500330,马蒂·诺克森,person
12786530,麦克·宾德尔 ,person
13308050,左颂升,person
13174790,蒋钦民,person
10499290,罗伯特·怀斯,person
10055350,斯蒂夫·博克斯,person
13519710,权五光,person
10050640,岩井俊二,person
13005610,彼得·韦柏,person
10307340,刘冰鉴,person
13363490,福泽克雄,person
13699340,曹国莉,person
12742630,娄烨,person
13785360,浦家祥,person
14230470,加尔德·加兹特鲁·乌鲁蒂亚,person
12880680,米莎·坎普,person
14204300,贾斯汀·科普兰,person
10597480,庵野秀明,person
14589960,季海涛,person
13438810,白云学,person
10193110,威廉·A·塞特尔,person
10139480,约翰·辛格顿,person
12827650,迈克尔·度德威特,person
12938760,宾·纳伦,person
10005990,唐·迈克尔·保罗,person
13210310,毕鲍·鲍格朗,person
12742730,盖瑞·温尼克,person
11237230,本乡满,person
10003050,涅尔斯·阿登·欧普勒夫,person
10217800,白沉,person
12845700,亚历克斯·加兰,person
13671300,毕志飞,person
13539210,吉图·乔瑟夫,person
10456890,妮娜·佩利,person
13014890,丁荫楠,person
10029330,迪克·麦斯,person
12179440,李玉,person
13292060,王子鸣,person
12907290,莎伦·马奎尔,person
10066930,铃木卓尔,person
13572060,金光泰,person
12801190,妮琪·卡罗,person
13223480,申太罗,person
13327230,韦斯·鲍尔,person
13318690,李华军,person
13066470,金容华,person
14161490,安东尼·劳克斯,person
13196230,凯文·布瑞,person
13787420,阿里·阿巴斯·札法,person
10192710,河濑直美,person
10196860,谢尔盖·格拉西莫夫,person
10190430,文森特·佩雷斯,person
14414920,思明,person
10497840,迈克尔·帕特里克·金,person
11610120,拉娜·沃卓斯基,person
13282740,安东·梅格尔季切夫,person
13440380,徐昂,person
10498270,托尼·吉尔罗伊,person
10275990,大卫·安斯鲍夫,person
10426470,矢崎仁司,person
12866850,广木隆一,person
14316170,于地纮仁,person
10017450,山贺博之,person
13886970,李钟奭,person
13163380,迈克·卡希尔,person
13267890,杰克·施莱尔,person
10098090,斯科特·维普,person
13834020,田口智久,person
13073840,菲利普·马丁,person
13379780,泽维尔·勒格朗,person
13199690,加里·哈勒沃尔森,person
13162800,岑范,person
10189830,朱塞佩·托纳多雷,person
10344840,马克·布鲁蒙德,person
10285850,斯特凡·科曼达雷夫,person
12765290,玛丽·兰伯特,person
13199950,洼冈俊之,person
10254320,托多尔·查卡诺威,person
14067920,阿德什·普拉萨德,person
13858550,金承仁,person
10455330,热拉尔·克瓦兹克,person
13180750,陈力,person
14087870,戴维·P·史密斯,person
10038070,王钟,person
13329550,彭家煌,person
10055030,西罗·格拉,person
10005060,安诺斯·托马斯·延森,person
13963430,杰克·卡斯托雷纳,person
13140520,小岛正幸,person
12760970,洛芙琳·坦丹,person
13050360,彼得·福特,person
13370220,王伟廷,person
13958210,简学彬,person
13133190,罗伯特·路克蒂克,person
10333810,佩波·丹科瓦特,person
13606470,山本大辅,person
12751140,江平,person
10499570,罗伯特·马利根,person
13222460,黄伟明,person
10502060,普拉奇亚·平克尧,person
13369050,刘富源,person
13138960,艾里克·拉缇戈,person
10162810,谢铁骊,person
12849590,理查德·格雷泽,person
12764240,嘉里·瑞德斯托姆,person
14011710,黄家康,person
14113830,许承杰,person
10365610,马克·福斯特,person
12866770,拉吉库马尔·希拉尼,person
10451220,斯蒂芬·加汉,person
13852690,崔国熙,person
13235610,陈翊恒,person
12746560,尚敬,person
13787730,韩博文,person
13452460,尼拉杰·加万,person
13143510,M·L·蓬德菲尼普·杜瓦库,person
10415850,弗朗克·迪博斯克,person
12933960,帕特·奥康纳,person
13217620,藤田阳一,person
13283530,王钧,person
10279970,维莱莉·法瑞斯,person
10070350,约翰·福特,person
13597040,乔·林奇,person
11638880,麦克·怀特,person
13266200,市井昌秀,person
10512850,盐田明彦,person
10453100,约瑟夫·鲁本,person
10544330,乔治·克鲁尼,person
13061620,热罗姆·萨尔,person
13145600,九把刀,person
13544150,文森特·凯斯特鲁特,person
10319310,阿米尔·汗,person
12742430,泰迪·罗宾,person
13195770,木村真二,person
13396500,韦恩·索恩利,person
12744660,格雷格·莫托拉,person
10495860,布莱恩·辛格,person
12805640,陈大明,person
12871240,许诚毅,person
13158950,朱少宇,person
10008630,雅各布·詹特利,person
12746670,王全安,person
10050410,弗兰克·克拉斯,person
13368630,尼古拉斯·亚雷茨基,person
10152680,盖坦··布里兹,person
13030800,迈克尔·巴塞特,person
10272570,贾森·雷特曼,person
13501690,布雷特·海利,person
13234660,木村尚,person
13194390,白石晃士,person
11069790,刘伟强,person
10141770,亚当·艾略特,person
13143600,大根仁,person
12759970,李胤基,person
12804690,常光希,person
13217340,石田祐康,person
14427170,大桥明代,person
13555660,拉尔斯·格梅琳,person
10559530,保罗·范霍文,person
11608420,诺曼·莱特,person
12984890,查尔斯·斯通三世,person
10408490,朱浩伟,person
10167520,吉奥夫·米德,person
13497630,杜潇傲,person
10323560,杰瑞·扎克,person
13700260,刘建华,person
10027830,大卫·里恩,person
13201450,纳瓦彭·坦荣瓜塔纳利,person
13201940,今泉力哉,person
13454100,黄华麒,person
14248200,贾斯汀·戴克,person
10109130,桥口亮辅,person
13219270,萧荣,person
12743420,荻上直子,person
11036670,李沧东,person
10322830,克里斯多夫·甘斯,person
13679880,罗杰·梅因伍德,person
12865770,史蒂夫·希克纳,person
13167940,刘江,person
10142640,斯科特·斯皮格尔,person
13262820,多洛塔·科别拉,person
13322690,爱德华·阿巴洛夫,person
10422930,北久保弘之,person
10027280,迈克尔·温特伯顿,person
13649240,殷博,person
13263580,吴勉勤,person
13781700,伊达勇登,person
13174620,余明生,person
13157570,乔舒亚·迈克尔·斯坦,person
13752990,都筑淳一,person
13946920,梅尔基奥尔·祖耶,person
10312410,金基德,person
10226010,大卫·杜楚尼,person
14530780,路红莉,person
10229990,清水崇,person
10239240,谢飞,person
10227390,大卫·O·拉塞尔,person
10450920,罗勒·莎菲,person
10370250,克里斯·纳汉,person
10051680,海科特·巴班克,person
10370350,安德列·塞库拉,person
10141810,乔治·P·科斯马图斯,person
10482730,沟口健二,person
13253560,井上梅次,person
13534180,马里奥·米西恩,person
13527460,科林·哈迪,person
14472720,井上龙太,person
10452420,史蒂文·利斯伯吉尔,person
10183020,迪恩·德布洛斯,person
10782700,张毅,person
10334020,阿兰·葛斯彭纳,person
13014870,叶锦鸿,person
13795320,阿德瓦·香登,person
13049380,西尔维恩·怀特,person
13245720,郭维,person
13354040,王韦程,person
10535540,今敏,person
10412860,阿瑟·希勒,person
10167140,约翰·斯特奇斯,person
12744360,田崎龙太,person
10518210,艾列尔·维诺格拉德,person
13326860,源孝志,person
13268870,丹妮亚·帕斯奎尼,person
13407610,查慕春,person
13915560,卢卡斯·德霍特,person
13162560,谭华,person
12772540,马克∙安德鲁斯,person
10280780,Michelle Johnston,person
10452710,让-皮埃尔·达内,person
12242040,亚当·兰道,person
13498090,卓建荣,person
10544040,丹尼·博伊尔,person
13426220,八锹新之介,person
12825360,萝拉·多尔伦,person
13871300,赤城博昭,person
13186240,华原,person
11569680,乔治·史蒂文斯,person
13157330,林育贤,person
11520340,贝拉·塔尔,person
13284590,赵善恒,person
13044620,达维德·厄洛芬,person
13274650,王宁,person
13009490,克里斯·威廉姆斯,person
13512740,多田俊介,person
13204350,松山博昭,person
13209350,埃里康·卡萨罗萨,person
13368060,林妍,person
13975710,蓝鸿春,person
12805880,陈玉勋,person
10325580,雷内·克莱芒,person
10272680,凯瑟琳·哈德威克,person
13202630,尹钟彬,person
13520490,埃默拉尔德·芬内尔,person
10367130,拉里·查尔斯,person
13263920,木下高男,person
14161480,吉恩-杰克斯·丹尼斯,person
13185800,胡小峰,person
14335420,弗朗西斯·安南,person
13281060,杜波,person
10152620,帕特奇·维加,person
10093930,罗伯特·菲茨杰拉德·迪格斯,person
13225830,华山,person
10165970,弗朗索瓦·吉拉德,person
10543990,索菲亚·科波拉,person
13205350,张新武,person
13263700,安德斯·穆斯切蒂,person
10137020,原田真人,person
10280450,吉尔·克兰,person
13141170,大塚雅彦,person
10356760,爱德华·诺顿,person
10405910,查理·考夫曼,person
10281680,卡罗尔·巴拉德,person
13450320,路易斯·德·埃斯波西托,person
13103360,高希希,person
10142070,德怀特·H·里特,person
10320520,雷尼·哈林,person
13237450,吕班,person
13351820,许斌,person
12743470,赵小丁,person
10080700,基努·里维斯,person
13137510,郭敬明,person
12753180,哈斯朝鲁,person
13443930,伊万·卡瓦纳,person
13249840,蒂姆·米勒,person
10226780,李·昂克里奇,person
13271010,张馨,person
12850340,埃里克·古德伯格,person
13370940,石川淳一,person
14589780,李韬,person
12967320,佐藤信介,person
12948080,帕斯卡莱·普扎杜,person
14013860,郑世龙,person
13267520,饶晓志,person
10414820,特伦斯·戴维斯,person
13172740,黄东赫,person
10371950,德瑞克·伯特,person
13537800,罗冬,person
10183030,保罗·索伦蒂诺,person
12914460,蒂姆·麦肯莱斯,person
10497710,伊利亚·卡赞,person
10366520,阿吉瓦·沙弗尔,person
13754350,龙飞,person
10051490,罗森·马歇尔·瑟伯,person
13597350,宫胁亮,person
13192620,侯季然,person
13429070,何澄,person
10275100,约翰·帕特里克·尚利,person
13273280,速达,person
12868390,佩吉·霍姆斯,person
13155230,詹姆斯·加特纳,person
13282860,袁振洋,person
12829180,阿古斯丁·迪亚斯·亚内斯,person
13487110,林庆洙,person
10231800,拉尔夫·尼尔森,person
10170510,安德烈·马柳柯夫,person
14286500,卡普里·维诺德,person
13026880,塞尔希奥·G·桑切斯,person
12924650,斯蒂法诺·摩尔蒂尼,person
13238540,肯·斯科特,person
13139460,张嘉佳,person
14160920,武居正能,person
13384510,乔纳森·M·戈尔茨坦,person
10461740,伊力·维伊德雷克,person
13168710,尤磊,person
13569850,伊利亚·赫尔扎诺夫斯基,person
13108870,大卫·米奇欧德,person
10503120,拉契得·波查拉,person
10099150,埃里克·普派,person
10230830,休·威尔逊,person
13095730,龙毅,person
10168380,稻垣浩,person
10451500,泰利·茨威戈夫,person
10282400,霍华德·齐耶夫,person
13601980,陈飞宏,person
13105580,安东尼·马拉斯,person
13916330,安德丽·贝斯孔,person
13670650,吉成曜,person
13779220,田中洋之,person
10324910,桑杰·里拉·彭萨里,person
10229050,肯·卡皮斯,person
10126610,雷蒙·德帕东,person
13939230,今井一晓,person
10482880,马克斯·奥菲尔斯,person
13622570,刘露,person
13572050,宋啸,person
13016920,张黎,person
13243760,田少波,person
12886380,凯瑞·柯克帕特里克,person
13803950,卞承旭,person
13174390,柯孟融,person
10375010,梅津泰臣,person
10140760,布瑞克·埃斯纳尔,person
10037560,熊泽尚人,person
10097440,芭芭拉·洛登,person
14006330,施雅雅,person
14242990,林善爱,person
12450200,乔什·特兰克,person
10027850,保罗·迈克尔·格拉泽,person
12720650,周全,person
13957870,杰夫·汤姆西奇,person
14203860,孙容镐,person
14057530,李譞,person
12742950,柳云龙,person
13316570,宋欣颖,person
10419490,宾·沙普斯坦,person
12938850,彭发,person
11316660,杰森·摩尔,person
10279460,尼基塔·米哈尔科夫,person
13320580,徐伟,person
12997050,吕翼谋,person
10059570,路易斯·佩德拉希塔,person
13244430,卫捷,person
13634950,里奇·斯迈斯,person
12778150,托尼·班克罗夫特,person
13585140,史蒂文·戈麦斯,person
13491650,钟彼得,person
13586070,安德鲁·斯特格奥,person
12743050,郭德纲,person
12833950,关信辉,person
13730090,张巳阳,person
13844600,威尔·比彻,person
10415470,阿诺·戴普勒尚,person
14455350,镰谷悠,person
14006280,伊恩·塞缪尔斯,person
12772080,简·安德森,person
13307570,董哲,person
10003240,马库斯·尼斯佩尔,person
14538580,埃唐·洛凯韦,person
10480000,周杰伦,person
10503770,雅克·贝克,person
12996690,布拉德·特纳,person
10245970,阿吉里斯·帕帕迪米特洛珀罗斯,person
13203720,斯科特·德瑞克森,person
12996170,董玮,person
10450370,约翰·卡梅隆·米切尔,person
10048990,奥利维耶·阿萨亚斯,person
10410240,王家卫,person
12941160,鲍德熹,person
12917760,胡玫,person
10183070,罗杰·昆宝,person
13220860,万里,person
13150320,杨树鹏,person
13187420,冈秀树,person
10941160,大卫·汉密尔顿,person
10367300,谢卡尔·卡普尔,person
13799640,长谷井宏纪,person
13537000,米凯尔·诺加德,person
10282000,杰罗姆·罗宾斯,person
13103580,张律,person
13547490,马克·西尔弗斯坦,person
13358540,胡明钢,person
10319870,戈尔·维宾斯基,person
10341630,浅香守生,person
13200560,尼玛·诺里扎德,person
10096180,中田秀夫,person
13377950,林丰治,person
10317510,布尔·斯蒂尔斯,person
13013770,鲍兹·亚金,person
13282450,石伟,person
10168310,巴兹尔·迪尔登,person
13129920,王育麟,person
13084280,迈克尔·拉巴什,person
13060630,乔纳森·莱文,person
10027350,亚当·麦凯,person
12742500,冯小宁,person
10559060,罗伯特·本顿,person
13601790,阚家伟,person
10422690,康佑硕,person
13517380,王路沙,person
13937120,魏书钧,person
13636020,安藤裕章,person
12895470,罗守耀,person
10005260,赵文卓,person
13866170,文一行,person
12870330,徐小明,person
13704710,李祖英,person
13143500,西瓦罗·孔萨库,person
13550110,李晓军,person
10179810,艾伦·索金,person
14067910,拉希·阿尼尔·巴夫,person
14161940,翌翔,person
13233550,麦贯之,person
14388150,艾戈尔·阿布拉门科,person
13569090,柳广辉,person
10184180,马修·罗宾逊,person
12767870,申·阿克,person
13988530,村田雅彦,person
13325520,陈世杰,person
13237990,奥里奥尔·保罗,person
10502590,休·赫德森,person
13620720,保罗·费舍尔,person
13134000,S·J·克拉克森,person
13403790,泰勒·谢里丹,person
14592110,张春昶,person
13152150,蒋家骏,person
13909550,爱丽丝·沃丁顿,person
13348150,沈成宝,person
13488480,张扬,person
12864900,马克·赫尔曼,person
13319690,赵正莱,person
10233310,诺姆·穆罗,person
13191310,李宋喜一,person
13222410,王振仰,person
13192530,真利子哲也,person
10003630,维克多·萨尔瓦,person
12753610,刘家良,person
13588340,卡梅伦·凯恩斯,person
13333040,虞军豪,person
13208700,乔·罗素,person
13077130,维塔亚·东俞扬,person
10274600,斯坦利·克雷默,person
14065480,古贺豪,person
13137020,植田泰史,person
10254760,钱嘉乐,person
10225700,M·奈特·沙马兰,person
13564300,萨里·奥德赛耶,person
12755310,杨翌舒,person
12744310,刘镇伟,person
10993700,米娅·汉森-洛夫,person
13849670,项河生,person
13849650,项秋良,person
10028820,泰德·珀斯特,person
11077350,沈炯来,person
12768840,安兵基,person
10335450,查尔斯·赖斯纳,person
13241800,罗文,person
13968130,上田慎一郎,person
11215820,托娃·马格努松,person
13835940,张栾,person
10323960,蒂姆·斯托瑞,person
10482280,罗伯托·罗西里尼,person
10082760,森田芳光,person
12341410,西牧秀雄,person
10450600,加文·胡德,person
13196040,米歇尔·弗兰克,person
13540800,阿兰蒂·卡瓦特,person
13702320,孙承志,person
13657340,张耀升,person
10144020,克里斯蒂安·卡里翁,person
13223830,黄智亨,person
10500870,安德鲁·莱维塔斯,person
10370540,鲁巴·纳达,person
10320900,斯蒂芬·索莫斯,person
10413110,比利·奥古斯特,person
11358050,克里斯蒂安·蒙吉,person
13265250,赵汉唐,person
14342380,黑子,person
12158820,亚历杭德罗·布鲁格斯,person
10125720,约瑟夫·萨金特,person
13220530,姚宇,person
13132660,傅华阳,person
13557120,瑞迪欧·赛伦斯,person
13592160,梁栋,person
11971050,凯尔·纽瓦切克,person
13208250,孔令晨,person
13572300,科瑞·芬莱,person
13575710,陶声,person
14398080,朱雪菲,person
13007320,西蒙·韦斯特,person
13246110,赵心水,person
13513930,罗伯特·艾格斯,person
13213400,黄彦威,person
11017030,约瑟夫·高登-莱维特,person
10326170,弗洛朗-埃米利奥·西里,person
14343880,李大喜,person
12807050,蔡继光,person
10369690,杰夫·尼克尔斯,person
12953060,布拉德利·雷蒙德,person
10545170,乔尔·科恩,person
10483500,比尔·普莱姆顿,person
13115060,R·巴尔基,person
11065200,金泰勇,person
10275160,阿瑟·佩恩,person
13152670,邓科,person
13217320,王云飞,person
13547690,大卫·F·桑德伯格,person
10369280,艾德亚多·桑奇兹,person
13209520,张加贝,person
13980320,肥冢正史,person
14054410,周笋,person
13030600,郑晓龙,person
12751910,大森贵弘,person
13482850,王微,person
13351730,许政,person
13309090,殷玉麒,person
13536620,王巍,person
13606860,迈克尔·恩格勒,person
10010460,安东尼·莱昂迪斯,person
12869850,拜伦·霍华德,person
13224440,查理·宾,person
13244840,杨明明,person
13519730,朴银炯,person
10140190,D·J·卡卢索,person
13182370,关智耀,person
13262950,陈茂贤,person
13810890,阿利雷扎·哈塔米,person
10138990,莉莉·沃卓斯基,person
13621830,宋灏霖,person
14203430,卢西奥·卡斯特罗,person
12745480,张作骥,person
10380170,兰尼·雷,person
13598860,战越,person
11076990,伊能静,person
12922980,汉斯·皮特·莫朗,person
13129870,钟孟宏,person
13563050,李虹,person
13321090,唐伟成,person
12995370,孔里特·契威摩,person
10319830,伦·怀斯曼,person
10417430,安东尼·威勒,person
13223670,亨利·亚历克斯·鲁宾,person
13981860,加林娜·米克林诺瓦,person
10168050,大林宣彦,person
13115090,濑下宽之,person
13231760,钱永强,person
13047060,袁建滔,person
13128960,吉田康弘,person
13782550,帕诺斯·科斯马图斯,person
10502130,今村昌平,person
10324610,理查德·沙因克曼,person
13149760,弗洛莉娅·塞吉斯蒙迪,person
10197430,凯克·麦罗,person
10363900,托德·菲利普斯,person
10058280,尼克·西蒙,person
12996740,莫滕·泰杜姆,person
13315820,盖尔·曼库索,person
13303940,西蒙·巴雷特,person
13171940,唐丹,person
13155820,史蒂文·奎里,person
13223540,滨口龙介,person
10323910,丹尼斯·塔诺维奇,person
13605680,川村泰,person
13513620,落落,person
10499910,乔纳森·里贝斯曼,person
12750030,班庄·比辛达拿刚,person
10514320,基里尔·谢列布连尼科夫,person
13138280,蓝乃才,person
14456830,郑世教,person
13402430,张竣程,person
12645770,蔡於位,person
14115120,顾晓刚,person
14376930,科林·希夫利,person
10452250,理查德·马昆德,person
13390160,索分·沙达菲斯,person
13158660,包贝尔,person
13503930,青松,person
12836490,哈维尔·费舍尔,person
10273460,亚历克斯·普罗亚斯,person
14096480,相梓,person
13690980,约翰·格伦,person
12851660,克里斯·格拉克,person
13331840,佛朗哥·普罗斯佩里,person
12744810,梁益准,person
11181670,梁家辉,person
13504610,弗兰克·盖思堂彼得,person
13792810,帕夏·帕特里基,person
12742440,郭子健,person
13283100,宋豪辉,person
13139270,梁明,person
13711730,提姆·斯密特,person
13071660,黄精甫,person
12742870,田壮壮,person
10482900,肖恩·麦克纳马拉,person
10649650,麦克·巴克,person
13826600,吉约姆·布哈克,person
13376810,金兑玧,person
13238980,刘韵文,person
13062020,休·韦尔什曼,person
10367810,汤姆·沙迪亚克,person
12451920,赛斯·戈登,person
12790930,大卫·博维斯,person
13315860,周沁,person
14290710,马蒂耶斯·范·小海因根,person
13426980,姜颖,person
10125570,井口升,person
10535090,格兰·基恩,person
14066130,牛岛新一郎,person
12858300,格雷格·黑尔,person
13437970,大森英敏,person
12911630,史蒂夫·马蒂诺,person
13230480,司小冬,person
13752550,杰西卡·斯维尔,person
12805840,陈以文,person
13098570,王滨,person
13422360,严嘉,person
10323090,凯尔·纽曼,person
10319040,扎克·施奈德,person
12808000,德里克·斯安弗朗斯,person
10284880,杜奇奥·泰萨利,person
13015700,吕寅荣,person
10002800,妮可·哈罗芬瑟,person
13527160,陶德辰,person
13760780,马特·伊斯坎达里,person
13302550,山本透,person
13034690,俞钟,person
13081720,龙子乔,person
13519150,罗尼·伊兹拉,person
13446340,耶云哉治,person
13051950,约翰·克劳利,person
13459590,潘礼平,person
10003940,艾伦·J·帕库拉,person
13295270,张末,person
10499250,保罗·费格,person
13142200,寺本幸代,person
10047220,文斯·吉里根,person
12744480,夏永康,person
10497250,巴兹·鲁赫曼,person
10185650,托比·维尔金森,person
10140800,鲁卡斯·穆迪森,person
14105050,拉尔斯·克列夫伯格,person
13310250,斯科特·卡尔维特,person
13076390,潘耀明,person
10481900,理查德·唐纳,person
12753070,韩寒,person
13363500,岩田和行,person
13607960,李恩杰,person
12846400,莎拉·加芙隆,person
13373340,李延宇,person
10294400,伊哥·斯坦普陈科,person
13433830,姜孝镇,person
10005710,徐静蕾,person
10377150,黄磊,person
13057120,索尔·迪勃,person
12907750,麦当雄,person
12742750,罗志良,person
12967400,佐藤嗣麻子,person
13353910,尹佳恩,person
10371990,斯特瓦特·亨德尔,person
13147450,王光利,person
13373660,格里高利·雅各布,person
14068270,汤姆·埃德蒙兹,person
13143420,杰森·埃森纳,person
13982630,皮得·里达·米切尔,person
12905200,尤洛斯·林,person
12751390,薛晓路,person
10328240,史蒂芬·C·米勒,person
12892290,罗布·拉杜卡,person
13207800,唐基明,person
10419480,安诺·绍尔,person
13764700,鹏飞,person
10002920,沃尔特·塞勒斯,person
13463210,晴朗,person
12742810,威尔·古勒,person
10156330,森淳一,person
10369090,马克·L·莱斯特,person
12759950,弗雷德·卡瓦耶,person
13380520,Randall Balsmeyer,person
13311070,尹成贤,person
13130610,皮埃尔·柯芬,person
14426720,刁羽,person
13195690,詹姆斯·B·罗杰斯,person
14309900,徐仕兴,person
13276040,董润年,person
12801660,埃马努埃莱·卡雷尔,person
13459360,黎应就,person
13131490,约瑟夫·科辛斯基,person
12752270,郑伟文,person
13209450,张全欣,person
13415850,安里麻里,person
10253580,弗朗西斯·韦贝尔,person
12747310,苏照彬,person
10452220,彼得·休伊特,person
10497490,汤姆·福特,person
13767370,陈翔,person
13376760,金容汉,person
10102520,三谷幸喜,person
10072320,张彻,person
10497260,达里奥·阿基多,person
13056980,赵元,person
10423130,马修·沃楚斯,person
14579160,劳拉·万德尔,person
12871300,许安,person
10010750,乔·坎普,person
13545440,布莱恩·泰勒,person
12971850,亚伦·赛尔策,person
13287530,吉米·海沃德,person
12742930,陈木胜,person
10318520,马修·沃恩,person
13170880,吴兵,person
13597480,马凯,person
12742350,邓超,person
12898290,乔根·莱尔丹,person
13914030,沃恩·斯坦,person
13215280,松尾衡,person
14006850,陈聚力,person
10281270,菲利普·里奥雷,person
10324230,米凯尔·萨洛门,person
13006380,萨姆·韦斯曼,person
12743890,王朔,person
13184840,赵继烈,person
13102290,马俪文,person
13512430,姚庆涛,person
13064230,阿马·阿桑特,person
14035470,翁路明,person
13541030,丹·特拉亨伯格,person
10412330,路易·马勒,person
12755580,汉斯·卡诺萨,person
13033010,布莱恩·派西维尔,person
13559720,米哈尔·索查,person
13665520,裴炯俊,person
12757450,娜丁·拉巴基,person
13765410,蔡成杰,person
12752110,乌尔善,person
13083170,查尔斯·巴克,person
10238960,杰斯珀·W·尼尔森,person
10270760,乔什·拉德诺,person
13307740,伊藤匡史,person
13099510,曹瑞原,person
13803060,松本松子,person
10238880,保罗·杰诺维塞,person
13283520,帕特里克·休斯,person
13036240,荣·伊斯特,person
10021350,羽住英一郎,person
11080580,郭景泽,person
10455180,多米尼克·摩尔,person
13540540,安德烈·沃金,person
13182950,李公乐,person
13207480,赵林山,person
10346220,凌子风,person
13503940,史学刚,person
13188360,卡洛堤·奈金塔隆,person
12894390,欧格斯·兰斯莫斯,person
13723960,小室直子,person
13480540,陈玉珊,person
13672930,难波日登志,person
13217640,细田雅弘,person
13967830,冯一平,person
10047200,亚历山大·佩恩,person
10376890,Ralph Etter,person
13187640,梁乐民,person
12750900,严浩,person
13231680,金世勋,person
13449390,萨拉·科朗吉洛,person
10413510,雅克·特纳,person
13379120,阿方索·戈麦斯-雷洪,person
10503800,吉恩·斯图普尼兹基,person
13383220,山户结希,person
14042690,卡洛斯·洛佩斯·埃斯特拉达,person
10104650,埃马纽埃尔·穆雷,person
13197210,李克龙,person
13502940,丁震,person
12202040,布莱恩·巴克利,person
13067860,斯里兰姆·拉格万,person
12752720,何平,person
14386080,阿尔·坎贝尔,person
10232340,詹姆斯·格利肯豪斯,person
10185740,西蒙·亨特,person
12860350,罗宾·哈迪,person
10544210,李安,person
10101820,森田宏幸,person
10544450,罗伯特·德尼罗,person
14368800,丹尼尔·诺拉斯科,person
13321350,吴林,person
10451530,查克·拉塞尔,person
13050350,阮金,person
10508680,热拉尔·科尔比奥,person
10182140,约翰·汉博格,person
10414360,菲尔·乔安诺,person
13172960,金成洪,person
12851800,布莱恩·戈登,person
10935650,黄健中,person
14075340,矢岛哲生,person
12750160,韦西·沙赞那庭,person
13203320,曹建南,person
10413690,丽萨·阿祖洛斯,person
13384050,乔安·斯法,person
10543270,福特·毕比,person
13168680,万古蟾,person
13182930,彭秀慧,person
13256750,奉万大,person
10523260,石黑升,person
12749530,希提·麦克唐纳,person
12855790,卢卡·瓜达尼诺,person
10346590,芝山努,person
10429910,菲利普∙德∙肖伏隆,person
10414800,乔·伯灵格,person
13329540,彭臣,person
13820080,董越,person
13573950,露西亚·安尼洛,person
10278530,吴宇森,person
13197480,尹载然,person
13030180,星护,person
12869030,斯蒂芬·霍普金斯,person
12759260,长井龙雪,person
13276660,洛伦佐·马托蒂,person
12623790,Cecilia Verheyden,person
10239750,方银振,person
13663280,全秀庆,person
10415980,Rémy Belvaux,person
13428690,马特·利普西,person
13287630,高桥荣树,person
10276430,嘉柏·丘波,person
13002410,杰夫·瓦德洛,person
10412580,布莱恩·罗宾斯,person
13311000,安相勋,person
13134160,克里斯·米勒,person
10332230,钟镇涛,person
12378000,佐藤东弥,person
13968750,刘永泰,person
13158990,陈朱煌,person
13829880,克里姆·斯彭科,person
13067450,彼特·康威尔,person
10321950,拉敏·巴哈尼,person
12832230,热罗姆·恩里科,person
10180810,杰伊·罗奇,person
13444090,毛弘镇,person
11193990,克里斯托弗·米勒,person
13233690,黄祖模,person
12869640,侯咏,person
10387540,几原邦彦,person
12793000,凯文·布莱特,person
12743030,吕乐,person
13209650,梁德森,person
13586970,不思凡,person
13525550,中野量太,person
12752740,杜家毅,person
10544440,昆汀·塔伦蒂诺,person
13284630,马可·A·Z·迪普,person
10254810,克里斯蒂昂-雅克,person
10192910,泰·加尼特,person
13490940,列万·加布里亚德兹,person
10439100,扬·科马萨,person
13447350,迈克尔·格雷西,person
10070730,特瑞·琼斯,person
12744110,钮承泽,person
10192780,郑则仕,person
13146940,张哲洙,person
10408300,罗兰·约菲,person
12866830,平山秀幸,person
13069900,萨菲·奈布,person
13165140,张琦,person
13551040,崔俊杰,person
13644450,李骥,person
13183220,汪涛,person
10447200,丹尼斯·霍珀,person
13861390,徐欣羡,person
12860610,罗伯特·哈蒙,person
13072350,巴里·詹金斯,person
13066350,亚当·温加德,person
12785800,毕国智,person
12907630,吉勒斯·戴·迈斯特,person
13316150,廖士涵,person
13490790,赵婷,person
10140290,雷·沃纳尔,person
13981820,杨虓,person
13197510,亚历山大·维特,person
12755850,李仁港,person
12839070,安娜·福斯特,person
13189690,D·凯瑞·普瑞尔,person
12797050,马克·伯顿,person
13195650,亚历桑德拉-泰雷斯·肯宁,person
14054110,亚历山大·安德里尤先科,person
13195630,保罗·亨特,person
12892470,约翰·拉菲亚,person
13411450,塔雷克·布达里,person
14182670,孔嘉欢,person
12804810,布兰达∙查普曼,person
13086200,迈克尔·R·罗斯卡姆,person
10320630,萨姆·佩金帕,person
10842310,雅克·范·多梅尔,person
13579710,格雷格·蒂曼,person
12744140,塞缪尔·毛茨,person
12755490,罗德里戈·科尔特斯,person
12967380,佐藤纯弥,person
10283330,丹尼斯·维伦纽瓦,person
13869310,阿努查·本尼雅瓦塔纳,person
12974380,亚德里安·谢尔高德,person
13417360,陈刚,person
13209930,小林常夫,person
10096950,让-克洛德·布里索,person
14153130,罗根·费纳根,person
14485070,贾斯汀·G·戴克,person
14468800,迈克尔·里安达,person
12751930,冈田麿里,person
12903240,罗伯特·洛伦兹,person
13641880,杰伊·卡拉斯,person
13211640,李海蜀,person
12742600,科特·维莫,person
13279490,郑秉吉,person
10908150,维克多·艾里斯,person
13170740,安藤桃子,person
10167240,卡罗尔·里德,person
10418330,埃利达尔·梁赞诺夫,person
13331470,塞巴斯蒂安·迈泽,person
13929260,张志一,person
13136890,保罗·金,person
10139880,泰勒·海克福德,person
10095700,安南德·图克尔,person
10050130,米密·莱德,person
13779660,金米·盖特伍德,person
10499050,罗德里戈·加西亚,person
13290110,纪约姆·伊弗奈,person
13041600,夏兰·福伊,person
13254740,田口清隆,person
13076940,威特查·戈杰乌,person
13488860,丹尼尔·斯洛斯,person
12826410,齐德·多尔里,person
14200210,郭亚鹏,person
13039150,詹姆斯·马瑟,person
10051010,史蒂芬·西恩博格,person
10504310,克里斯蒂安·佩措尔德,person
13953710,珍妮芬·福克斯,person
10408050,罗杰·唐纳森,person
13618630,刘雨霖,person
10372410,杰里米·加尔利,person
10016400,土井裕泰,person
13851490,余非,person
13125750,柯内流·波蓝波宇,person
13411440,菲利普·拉肖,person
10289480,陈友,person
10187670,罗卓瑶,person
13316480,黄信尧,person
10454360,帕特里克·里德·约翰逊,person
13484870,林大雄,person
13558470,吴俊贤,person
13176120,高晓攀,person
10070780,迈克尔·艾普特,person
13996850,马克·丹尼斯,person
13197690,英勉,person
13746640,蕾欧诺·瑟哈伊,person
12947990,让-弗朗索瓦·波略特,person
13361550,艾娃·德约列,person
12999880,西尔薇·维尔海迪,person
12892590,黎妙雪,person
10503740,宋克·沃特曼,person
11438860,乔治·西德尼,person
10464870,李斗士男,person
10544170,本·阿弗莱克,person
10180790,特洛伊·达菲,person
13219070,郑来志,person
10142830,肖恩·S·坎宁安,person
13559710,穆罕默德·萨伊德·哈尔布,person
10070010,乔治·A·罗梅罗,person
10093980,提莫·贝克曼贝托夫,person
13013610,徐耿,person
13736010,郑熙晟,person
13241100,孙健君,person
10911670,桂治洪,person
10051140,巴赫曼·戈巴迪,person
10147980,乔可·安华,person
12899390,布拉德·刘易斯,person
10125460,约翰·R·莱昂耐迪,person
12749620,克里斯托弗·史密斯,person
12559470,巴伦·博·欧达尔,person
10071210,约翰·施莱辛格,person
13954680,考塞尔·本·哈尼耶,person
10142340,约翰·麦克诺顿,person
13020690,乔纳·马科维茨,person
12744890,罗永昌,person
10008670,德雷克·多雷穆斯,person
10125870,葛雷格瑞·达克,person
10413060,马可·贝洛基奥,person
10323240,迈克尔·莱德福,person
12743390,汤浅政明,person
13185930,大友启史,person
13243770,李正浩,person
13837530,阿里兹·莫雷诺,person
13536850,比尔·霍德曼,person
13128600,林孝谦,person
13348360,尼尔•奈丁盖尔,person
14030690,任大炯,person
10028040,彼得·格林纳威,person
12767460,多米尼克·阿贝尔,person
13171050,周楠,person
10545130,奥利佛·斯通,person
12997440,保罗·安文,person
13967730,王逸帆,person
10275810,布莱恩·伯蒂诺,person
13547430,山下宏幸,person
10781020,张之亮,person
13625070,刘海,person
13270110,本·列文,person
10225870,凯文·史密斯,person
12068970,托马斯·曼丁斯,person
12867700,P·J·霍根,person
10327080,保罗·维尔齐,person
13268860,马科斯·吉瓦,person
14303890,麦浩邦,person
10003800,苏珊娜·比尔,person
10366350,安德鲁·亚当森,person
11557330,汤姆·沃恩,person
13441460,蒂姆·肯德尔,person
10155440,唐佳,person
13564490,马丁·赞里维特,person
13726210,乔·佩那,person
12993820,唐季礼,person
10415280,洪常秀,person
12065250,约什·布恩,person
10367550,理查德·弗莱彻,person
14281950,洪义正,person
13433550,廉涛,person
14067190,谢金涂,person
10184320,杰克·舒德,person
10413770,吉诺特·兹瓦克,person
14575610,唐田,person
10142780,阿尔贝·杜邦泰尔,person
14389280,艾玛·塞利格曼,person
13201250,阿尼亚斯·赫拉尼茨基,person
13478420,李桂碧,person
10285030,汉密尔顿·卢斯科,person
13265000,托米·维尔科拉,person
10544390,宫崎骏,person
13157710,颜正国,person
12746090,麦曦茵,person
13425270,大九明子,person
10107310,黑泽清,person
13173500,约翰·里夸,person
10168960,森本晃司,person
12965330,让-保尔·萨罗米,person
12880930,马雷克·卡尼耶夫斯卡,person
10414850,克里斯·努安,person
10542820,午马,person
12921840,莱克茜·亚历山大,person
14082890,尤里斯·范·侯辛,person
12755240,吴岱融,person
14258160,赵巴伦,person
10071550,德里克·贾曼,person
13130230,何炅,person
14110310,宮崎光代,person
14296560,吉见拓真,person
14515280,凯文·刘易斯,person
13150000,赵良骏,person
12751400,李志毅,person
12980030,伊恩·索夫特雷,person
12817540,兰斯·戴利,person
13641660,刘阔,person
10146860,金镇雅,person
10369560,吉莉安·阿姆斯特朗,person
13532760,王涛涛,person
14011750,赵霁,person
13675290,李雨禾,person
13191650,拉尔沙·康达基,person
10298820,新房昭之,person
10408430,鲁伯特·瓦耶特,person
13198080,大卫·塞梅尔,person
10517490,John Caird,person
13153280,儿玉兼嗣,person
13431060,周洁,person
13588350,科林·凯恩斯,person
12863020,米歇尔·阿扎纳维西于斯,person
12865630,彼得·休伊特,person
13519520,唐高鹏,person
13252630,蒙松,person
13956740,许智彦,person
13608410,肖恩·麦克科马克,person
10447280,乔·卡纳汉,person
10140110,加斯帕·诺,person
12983580,科里夫·斯丹德斯,person
12779660,大卫·巴雷特,person
10375810,菲尔·罗曼,person
13215340,桥本光二郎,person
10098880,任贤齐,person
13586700,吉尔·卡尔顿,person
12744860,布拉德·安德森,person
10274160,菲利普·考夫曼,person
13383050,周文武贝,person
10323580,马克·佩灵顿,person
14015890,刘峻萌,person
10190010,詹姆斯·弗兰科,person
13602920,上田音,person
13117130,克里斯·巴特勒,person
13172450,陈宇,person
12939720,布莱德利·帕克,person
10530060,德米安·鲁格纳,person
12921710,罗伯·明可夫,person
13013980,山崎贵,person
12870430,胡进庆,person
13244930,松太加,person
13817240,鲍勃·洛根,person
13217130,李远,person
13075010,章家瑞,person
13061530,陈士争,person
10326580,马可·克罗伊茨派因特纳,person
13162550,成田岳,person
10364740,费舍·史蒂芬斯,person
13769010,孙集斌,person
10282530,法布里斯·度·沃尔斯,person
13150050,诸田敏,person
12749010,李翰,person
12839320,方令正,person
13186280,彦小追,person
13284410,饺子,person
13640500,陈兴中,person
13341960,基蒂·格林,person
13136690,李蔚然,person
12795520,克里斯·巴克,person
12961890,罗德尼·罗斯曼,person
12745490,沈东,person
13079750,霍尔格·塔佩,person
13667320,张险峰,person
13426990,佟志坚,person
12823770,马修·戴蒙德,person
14309910,赵晋仪,person
13188460,元新渊,person
13823560,史蒂夫·伦特,person
10408630,理查德·拉·格拉文斯,person
13279390,曹近铉,person
13417230,西蒙·凯瑟,person
14507660,崔可昂,person
13840090,奥列格·特罗费姆,person
14545190,郭勇,person
12989740,阿兰·泰勒,person
12932930,斯蒂芬·诺林顿,person
14027920,黄梓,person
13173460,刘浩良,person
14157430,杰森·威奈勒,person
11130600,尼古拉·列别捷夫,person
13782560,夏目真悟,person
13285630,乔·拜尔德,person
13198630,欧阳红樱,person
13809180,廖希,person
10535610,米洛斯·福尔曼,person
10321930,尼尔·拉布特,person
12878110,提姆·约翰森,person
13031360,克里斯托弗·詹金斯,person
14192230,吉泽俊一,person
13265310,瑞恩·库格勒,person
13108390,朱利安·莫利,person
10125880,山姆·伍德,person
14321010,新田义方,person
12744430,吉田大八,person
10230410,派蒂·杰金斯,person
13336000,金秉祐,person
13827880,京极尚彦,person
13256290,朴信宇,person
13303150,让-丹尼尔·维哈吉,person
13143950,张承,person
10501160,盖伊·汉弥尔顿,person
12821200,米歇尔·德巴,person
13270680,斯科特·查尔斯·斯图瓦特,person
10416720,杰西卡·沙泽尔,person
10227210,彼得·威尔,person
11058620,伊丹十三,person
10365220,乔恩·斯图尔特,person
12754010,楚原,person
13230670,王菁,person
13361280,巴特·雷顿,person
13447690,山口雅俊,person
14067200,胡树儒,person
13197470,朴英勋,person
12805990,马楚成,person
14030040,丹尼什卡·埃斯特哈奇,person
13284580,戚家基,person
10416850,萨布,person
13559820,程伟豪,person
10169220,恩斯特·马里施卡,person
13612590,韩平,person
13024380,金琛,person
10923220,詹姆斯·古恩,person
12863870,马克·海尔弗里奇,person
10318930,比利·克里斯托,person
13315710,茹斯汀·特里叶,person
13134420,张勋,person
12844750,罗伯茨·甘纳韦,person
10102500,山内大辅,person
13378460,亚历山大·埃斯皮加雷斯,person
10560470,让-雅克·阿诺,person
10027060,伦纳德·尼莫伊,person
13918010,郑多元,person
10002010,艾尔伯特·休斯,person
10496010,理查德·阿滕伯勒,person
13214210,今井夏木,person
14049730,杉岛邦久,person
12753950,邓衍成,person
13203900,生野慈朗,person
10100000,扬·霍布雷克,person
10182240,卡伦·乔哈尔,person
12822260,詹姆斯·德莫纳克,person
13519760,李彦禧,person
12770380,伊丽莎白·艾伦,person
13247140,朴正祐,person
13349960,那达夫·拉皮德,person
10320950,路易斯·布努埃尔,person
13850860,徐枫,person
12885380,金炫锡,person
13527930,郭大雷,person
12879280,格雷格·乔丹,person
13333230,文晏,person
10398320,郑君里,person
10141430,F·W·茂瑙,person
10322260,袁文忠,person
10364200,朱莉·德尔佩,person
13388400,杨宇硕,person
14091890,铃木信吾,person
12745370,让-马克·瓦雷,person
14469950,刘希坤,person
10096520,莎里·斯宾厄·伯曼,person
10140570,马特·罗斯,person
14344060,朴智媛,person
12755130,梁柏坚,person
10311790,尼古拉斯·斯托勒,person
13191280,李尚宇,person
13203110,前田弘二,person
14321400,矢野孝典,person
12744060,园子温,person
10375860,乔治奥·迪里蒂,person
13994770,谷口正晃,person
12751940,今石洋之,person
11806630,斯科特·沃克,person
13336590,保罗·海厄特,person
10544010,伊桑·科恩,person
12901620,刘家荣,person
13318910,卡尔·瑞奇,person
13064800,丹尼尔·巴尔兹,person
13244490,张太维,person
10274020,奥拉顿德·奥逊山米,person
12853100,琼·格勒兹,person
10144800,卓娅·阿赫塔尔,person
13003550,艾斯林·沃什,person
13195720,凯文·多诺万,person
13457240,曹溱模,person
10107230,迈克尔·莱拜克,person
14387480,阿森尼·苏亨,person
12781610,斯图尔特·贝亚蒂耶,person
13928860,科拉莉·法尔雅,person
13106590,克里斯·皮尔恩,person
13136870,吉姆·格莱斯皮,person
10182000,金知云,person
12940570,约翰·帕斯昆,person
13020290,杨超,person
13985230,黑田昌郎,person
13362700,克莱尔·麦卡锡,person
10070280,德克斯特·弗莱彻,person
13166770,柯一正,person
12761750,阿兰·吉罗迪,person
13374750,王维明,person
13203690,西浦正记,person
13434080,太田雅彦,person
10180730,斯图尔特·哈泽尔丁,person
10319140,斯派克·李,person
10071520,徐克,person
13825830,余斌,person
13027600,权炯辰,person
13460630,岑俊义,person
12745040,耶利米·S·谢奇克,person
10328730,沃什·韦斯特摩兰,person
10273270,托米·韦素,person
12999700,Chris Ver Wiel,person
10447270,罗纳德·尼姆,person
10451860,弗雷德·金尼曼,person
14403580,拉斯·达摩索,person
13106080,德斯汀·克里顿,person
10505400,苏有朋,person
10070710,约翰·弗兰克海默,person
13183960,陈健,person
13244150,彼得·拉姆齐,person
12954000,凯莉·莱卡特,person
12855810,查尔斯·瓜德,person
10192410,约翰·杜根,person
10406300,马丁·坎贝尔,person
13320060,郑范识,person
13454140,李姝洁,person
12806380,麦子善,person
13440930,布林·希尔,person
13055100,J·A·巴亚纳,person
13181250,和小江,person
14031000,梁柏豪,person
10459540,尼古拉·瓦尼埃,person
10425000,谢晋,person
13027450,铃木雅之,person
12870360,徐立功,person
13060670,安娜·波顿,person
13519180,任静,person
10098210,卡雷尔·赖兹,person
12749060,鲁本·弗雷斯彻,person
10457080,牟敦芾,person
10405240,彼得·杰克逊,person
10107110,乔治·库克,person
14049180,申奥,person
10290600,汤山邦彦,person
14061190,张大鹏,person
11583170,手冢真,person
13217380,刘誉,person
10254820,沃尔特·朗,person
10531290,弗朗切斯科·阿马托,person
13811160,周劼,person
10028350,斯坦利·多南,person
14210350,陈熠霖,person
10503620,卡特·史密斯,person
12779590,克里斯托夫·巴拉蒂,person
10412720,克洛德·勒卢什,person
13248960,玛缇·迪欧普,person
10229800,南尼·莫莱蒂,person
14320190,古贺一臣,person
11286970,大岛渚,person
13119790,巴域·普瑞克潘也,person
13310660,余积廉,person
13563960,丹·关,person
13190450,大卫·阿耶,person
13140670,林书宇,person
14419440,丹尼尔·本梅尔,person
13841680,张明国,person
12742770,伊桑·曼尼奎斯,person
11637520,元彪,person
13582200,刘畅,person
13190390,韩承桓,person
10704180,郑址宇,person
10451290,安妮·弗莱彻,person
12757240,格雷厄姆·莱恩汉,person
13549270,曹圭章,person
12893440,安东尼·拉默里纳拉,person
10509950,山下敦弘,person
13354910,静野孔文,person
13070630,文斯·马塞洛,person
13188140,金容钧,person
13266660,张时霖,person
10231760,阿莱克·凯西西恩,person
12757020,鹤田法男,person
13208270,甄栢荣,person
12749190,管虎,person
12152450,爱德华多·卡萨诺瓦,person
10479960,西尔维斯特·史泰龙,person
13222610,蔡继渭,person
13573290,凯文·门罗,person
13078650,阿莱汉德罗·朗德思,person
12918610,杰德·默丘里奥,person
13334910,土方政人,person
11287120,安东尼奥·奈格列,person
10428500,博拉·达格特肯,person
10543660,达里尔·F·扎努克,person
13054210,伊格纳希奥·法雷拉斯,person
13461380,热拉尔·约翰斯通,person
13367120,赵容善,person
12904650,卡迪亚·兰德,person
12901970,路易斯·罗沙,person
13497640,冀佳彤,person
13635970,满仲劝,person
14497470,麦克·莫萨拉姆,person
10365390,南希·迈耶斯,person
13280930,钱江汉,person
10449930,史蒂芬·戴德利,person
13006550,保罗·韦兹,person
13165120,周显扬,person
12926840,爱普洛·马伦,person
12859130,安迪·汉密尔顿,person
10726120,斯蒂芬·卡尔,person
10327180,莫娜·阿查切,person
10317490,胡里奥·密谭,person
10450890,厄文·克什纳,person
12799980,丹尼·加农,person
14336410,罗仪威,person
10453240,米夏埃尔·赫尔比希,person
12871620,皮克索特·亨特,person
13419530,伊桑·斯波尔丁,person
13330590,汤姆·布拉迪,person
10371010,玛伦·阿德,person
13184480,严寄洲,person
10125760,克洛德·贝里,person
12775620,区丁平,person
12751840,瑞恩·墨菲,person
13420760,杨凤良,person
10204870,蒋雯丽,person
10138450,热拉尔·德帕迪约,person
10005610,罗伊·安德森,person
12876670,盖·简金,person
10365690,沙恩·布莱克,person
10506040,乔瑟琳·穆尔豪斯,person
11601860,杜琪峰,person
14057340,梁宏发,person
13180420,刘国权,person
13225050,王苹,person
10231160,乔舒亚·马斯顿,person
13245980,杨瑾,person
13238240,路云飞,person
13168440,安德鲁·海格,person
10274140,梅勒妮·梅隆,person
10545800,博卡·格德斯维特,person
13553580,足立绅,person
13961870,维姬·琼斯,person
11955330,麦克·迈克高文,person
10107450,兰德尔·克莱泽,person
10560080,扬·德·邦特,person
10274790,让-皮埃尔·梅尔维尔,person
13089850,钟智行,person
13249660,阿里·桑德尔,person
10373160,寺山修司,person
12804270,陈建忠,person
13127810,程孝泽,person
13196060,布兰登·柯南伯格,person
13316730,纳塔吾·彭皮里亚,person
13220880,杰伊·欧力瓦,person
13140660,石塚敦子,person
13180000,陈荣照,person
13690850,卡拉·西蒙·皮坡,person
13143700,佐藤卓哉,person
10506960,诺曼·Z·麦克劳德,person
10277780,安德烈·塔可夫斯基,person
13196610,西尔扎提·亚合甫,person
12891700,神山征二郎,person
13237280,陈慧翎,person
13226480,赵明,person
13065820,边永柱,person
13511290,霍猛,person
13222940,周伟,person
10187130,本·格鲁克,person
13347000,宋胤熹,person
13688010,安德烈·谢罗帕,person
13793580,尼可拉斯·本纳莫,person
10480240,艾德·哈里斯,person
13369760,陈大利,person
13226460,林杉,person
14324400,若林信,person
10003250,安德里亚·阿诺德,person
13204210,张幼珍,person
13580700,周英男,person
13127510,袁锦麟,person
14135540,劳瑞·德·克莱蒙特-托奈尔,person
13646210,辻本贵则,person
12743490,渡边信一郎,person
12749430,高群书,person
10144480,格雷格·施特劳斯,person
13496410,蒂尼斯·艾葛温,person
13134360,欧文·马肯,person
10415680,汤米·奥·哈沃,person
13327440,郑朱莉,person
12490450,迈克尔·J·格拉赫,person
13913610,小斯蒂芬·卡普尔,person
13306960,李宗弼,person
14173060,柯汶利,person
13257350,回宇,person
13413770,阿久根知昭,person
10319030,罗伯·莱纳,person
10450080,简·坎皮恩,person
13196080,关尔,person
14100670,安东尼·霍夫曼,person
13057240,李杨,person
10515350,文森特·帕塔尔,person
12839180,霍耀良,person
13257070,林相润,person
14029890,阿图·阿拉里,person
13154980,埃里克·达尼尔,person
13968720,黎兆钧,person
10354450,丹尼尔·科恩,person
10127270,板尾创路,person
10239570,阮世生,person
13173310,大塚隆史,person
10056240,鹤卷和哉,person
10036010,杰克·金尼,person
10683870,亨利-乔治·克鲁佐,person
13272460,马修·德拉波特,person
13343200,尤霍·库奥斯曼恩,person
13253370,埃弗拉多·瓦莱里奥·古特,person
12974770,尼尔森·申,person
12806900,邱刚健,person
13210670,迈克尔·艾里亚斯,person
13244800,毕赣,person
10010270,罗贝尔·恩里科,person
12869160,雪莉·霍曼,person
10233980,凯特·绍特兰,person
12743200,理查德·艾欧阿德,person
10326080,里克·罗曼·沃夫,person
13519170,严敏,person
10250520,史蒂芬·海伦伯格,person
10071250,佛朗哥·泽菲雷里,person
10503980,皮亚托·杰米,person
10219990,姜文,person
13569310,加斯·戴维斯,person
13408190,李晓雨,person
10092170,金·维多,person
10501190,塞德里克·克拉皮斯,person
13302360,劳伦·蒙哥马利,person
13213830,詹姆斯·范德比尔特,person
13621570,李鼎,person
11259480,瓦茨拉夫·马尔豪尔,person
12744950,中岛哲也,person
13489570,朴裕焕,person
13231860,张羽,person
10453250,唐·方李洛伊,person
13512730,川口敬一郎,person
12858530,克雷·豪尔,person
13518220,平尾隆之,person
10326120,亚历克斯·帕斯特尔,person
10464600,马格努斯·马滕斯,person
13185040,高峰,person
12749040,张元,person
13444730,瓦列·米利夫,person
13337410,张辉,person
10548520,弗朗索瓦·特吕弗,person
14317210,中山胜一,person
13697570,提姆·范·索默伦,person
10054500,阿里尔·弗罗门,person
12824800,克利斯汀·迪特,person
13327010,雷吉斯·罗因萨尔,person
10498220,威廉·弗莱德金,person
14006180,拉斯塔姆·莫沙菲尔,person
10279240,大卫·扎克,person
12947250,潘文杰,person
10285660,约翰·克洛基达斯,person
14178170,孙时,person
10318920,威廉姆·H·梅西,person
13141840,西蒙·J·史密斯,person
12742890,尔冬升,person
13995470,丹尼勒·米西奇亚,person
10424930,小泉尧史,person
10418960,周防正行,person
13658840,埃里克·吉隆,person
13701000,林珍钊,person
12924220,斯科特·摩尔,person
12205810,科林·特雷沃罗,person
10373320,吕克·雅盖,person
10322710,德鲁·戈达德,person
13147180,杨延晋,person
13575430,马特·布朗,person
13553850,曾剑锋,person
13166700,朴兴植,person
13911810,熊谷祐纪,person
13225080,唐英奇,person
10545270,西恩·潘,person
10541610,贝特朗·波尼洛,person
10543970,沃纳·赫尔佐格,person
12760860,郭帆,person
10373680,亚斯米拉·日巴尼奇,person
14043030,关根光才,person
10410070,刘若英,person
13528430,安德烈·艾弗道夫,person
13515800,亚历山大·巴赫,person
10366130,史蒂夫·欧德科克,person
10007930,马丁·韦兹,person
12892580,黎大炜,person
13224020,黄玉郎,person
14037150,巴巴拉·威尔希尔,person
14318340,绵田慎也,person
10549440,科斯塔-加夫拉斯,person
13446790,温河,person
12876640,万仁,person
11879750,安德列·克拉夫丘克,person
12748530,金依萌,person
13171950,徐纪周,person
10545780,大卫·林奇,person
10240830,阿列克赛·西多洛夫,person
13129910,刘梓洁,person
13516510,黄柏基,person
13354010,毕国书,person
13566520,陈志宏,person
13460640,胡笳,person
10106910,威廉·惠勒,person
12880590,神谷诚,person
13015740,袁祥仁,person
10321280,吉姆·费尔德·史密斯,person
10393380,水华,person
10280350,马提欧·加洛尼,person
13216620,崔豪,person
13130670,李桢凡,person
14015500,雷纳·埃勒,person
10293580,斯科特·贝克,person
12931240,敖志君,person
10277760,迈克尔·贝,person
10241840,原惠一,person
10555460,保罗·麦圭根,person
13448650,贾斯汀·本森,person
13459550,王骏,person
14237980,凯亚·罗奇-特纳,person
13442430,朴相骏,person
10253150,彼得·海姆斯,person
13173270,李旗,person
12747330,安战军,person
10501240,金伯莉·皮尔斯,person
13879560,阿里·艾斯特,person
13224720,叶永健,person
12859400,约翰·李·汉考克,person
14149590,米洛拉德·科斯蒂奇,person
13995180,道格·墨菲,person
10047720,迈克尔·西米诺,person
12934630,米歇尔·欧斯洛,person
10368180,拉斯提·坎蒂耶夫,person
13215330,河合勇人,person
10066500,罗德里戈·格兰德,person
10532850,斯蒂芬·拉坎特,person
13402330,周青元,person
10311940,任达华,person
13558720,伯努瓦·菲利,person
13209720,钱国伟,person
13363510,并木道子,person
10230080,布莱恩·莱温特,person
13375840,查亚诺普·布恩帕拉科布,person
10231500,格雷格·马克斯,person
13172410,彭三源,person
10295900,蜷川实花,person
13359030,沙卡·金,person
10502010,瑞安·弗雷克,person
10218310,谢添,person
10364730,斯戴芬·莫昌特,person
10274300,大卫·杜西,person
10184750,伊娃·恩斯特,person
12993830,唐永健,person
13300270,金正权,person
13287340,罗维,person
13341070,霍纳斯·特鲁埃瓦,person
10094700,凯瑟琳·布雷亚,person
13321710,田羽生,person
10544030,亚历杭德罗·冈萨雷斯·伊纳里图,person
13622330,李春啸,person
13483550,陈鸿仪,person
13465040,波多野贵文,person
13179030,和田淳,person
10408590,拉齐·马凯,person
13547480,艾比·科恩,person
12759280,滨名孝行,person
10228410,贝蒂·托马斯,person
13701540,布莱恩·菲,person
12950340,朱利安·博斯勒,person
13640950,李贤珠,person
13566270,亚历山卓·古兹曼·阿尔瓦雷斯,person
13260680,林德禄 ,person
13158500,钱文锜,person
12756260,刘晓光,person
10142480,谢尔盖·帕拉杰诺夫,person
13463040,角木肇,person
13442210,斯蒂尔斯·怀特,person
12755990,李睿珺,person
13180150,胡明凯,person
13262180,高里·辛蒂,person
12753680,水岛努,person
13216740,金亨俊,person
12899350,肖恩·利维,person
10238940,弗雷德·C·纽迈尔,person
10098150,安布哈雅·辛哈,person
12915000,迈克·麦科伊,person
12896780,李宰汉,person
13308300,格雷厄姆·安纳布尔,person
10411820,伊万·雷特曼,person
13928820,埃莱奥诺尔·普里亚,person
10500860,巴贝特·施罗德,person
10544060,埃里克·侯麦,person
13074920,周美玲,person
10317950,奥利维亚·王尔德,person
11898010,陈正道,person
13211520,于淼,person
13320720,刘山姆,person
10228170,兰道尔·华莱士,person
10456520,凯尔·帕特里克·奥瓦内兹,person
10166710,凯文·科斯特纳,person
13236100,斯蒂芬·苏斯科,person
13216980,梅兹·塔拉,person
10002420,弗朗西斯·劳伦斯,person
10505320,弗拉基米尔·缅绍夫,person
13131030,普特鹏·普罗萨卡·那·萨克那卡林,person
13221850,乔治·诺非,person
12743880,王宝强,person
10107660,格勒恩·马奎德,person
14160630,卡洛·米拉贝拉-戴维斯,person
13539290,内田英治,person
13727660,增井壮一,person
12804700,张允炫,person
13782990,山姆·哈格雷夫,person
10140720,顾伦德·查达哈,person
13055430,迈克尔·斯派瑞,person
12821650,罗纳尔多·德尔·卡门,person
10077500,埃尔莫·纽加农,person
13209660,张敏,person
10098830,阿内·拉鲁,person
13323710,史蒂文·西尔弗,person
12997560,萨萨·乌鲁沙泽,person
10410060,吉姆·贾木许,person
10070030,迈克尔·曼,person
14256360,武藤裕治,person
13024440,贡萨洛·洛佩斯-加列戈,person
10557140,约翰·马登,person
10333160,李翰祥,person
13997220,多纳托·卡瑞西,person
13014140,杨亚洲,person
13413810,永井聪,person
13785250,楠叶宏三,person
13199680,吴基焕,person
13801220,奥马尔·苏尼加·伊达尔戈,person
13108340,亚历山大·布斯蒂罗,person
14269110,奥特姆·代·怀尔德,person
14024880,大卫·雅洛维斯基,person
12747940,黄雷,person
10142110,罗杰·斯波蒂斯伍德,person
12807760,钟志文,person
13239750,若林汉二,person
13842850,元泰渊,person
10138540,罗布·赞比,person
10230400,陈凯歌,person
14200370,刘志江,person
14177360,廉欣,person
12752770,黄百鸣,person
13977170,河浪荣作,person
13217560,乌兰塔娜,person
13255380,谭朗昌,person
14377680,芭芭拉比尔拉瓦斯,person
10993980,金鳌勋,person
13495130,肖飞,person
13239480,边赫,person
10003300,肯尼·奥特加,person
10145560,米克·范迪姆,person
10028740,菲利普·加瑞尔,person
13006930,林文肖,person
12998120,埃里克·瓦力,person
12901350,麦丽丝,person
14592620,马楠,person
13780630,赵善浩,person
14220280,宫鹏,person
10370980,吴镇宇,person
10182300,小迈克尔·兰登,person
12804140,陈会毅,person
10192260,瑞克·罗森塔尔,person
10225710,詹姆斯·卡梅隆,person
11146350,北村龙平,person
14205260,藤田春香,person
13605810,尾石达也,person
12913970,丹·马泽,person
10452070,拉杜·米哈伊列亚努,person
10274370,托德·威廉姆斯,person
13419350,尼察庞·恰阿努,person
14129750,戴夫·威尔逊,person
13707610,杨曜恺,person
10941920,卓韵芝,person
10318440,朗·霍华德,person
14303330,奚岳隆,person
13558710,亚历山大·西伯恩,person
10139710,约翰·麦克蒂尔南,person
13147720,茱莉亚·李,person
13008430,彼得·惠特莫尔,person
10723370,吴家骧,person
12749320,盛志民,person
12898880,彼得·勒文,person
13249280,麦当杰,person
10095990,大卫·道金,person
10002080,麦温,person
10228030,彼特·道格特,person
14066190,王佳伟,person
10413380,帕特里斯·勒孔特,person
10190900,斯蒂芬·弗雷斯,person
10367270,小津安二郎,person
13171920,陈宏一,person
13212010,梁超,person
13036270,李达超,person
13250350,宋晓飞,person
13199490,马可·伯格,person
10544070,三池崇史,person
10366040,朱丽·泰莫,person
10190530,格里芬·邓恩,person
13708440,丹尼尔·钟,person
13428640,李俊民,person
10198340,长崎俊一,person
12902040,罗耀辉,person
13581730,李娜静,person
10392180,吴贻弓,person
13088900,黄志伟,person
13948540,马提·卡伦,person
12777520,马克·贝克,person
14208180,山口光,person
13245960,秋昌旼,person
10405930,罗兰·艾默里奇,person
10505340,许冠文,person
13626080,大塚龙治,person
12925490,朱迪·莫里斯,person
10544020,维姆·文德斯,person
10096730,约翰·哈里斯,person
13933440,罗乐,person
10191010,詹姆斯·阿尔格,person
13035550,大卫·洛维,person
13071170,穆罕默德·拉索罗夫,person
13352600,黄肖英,person
10167190,理查德·莱斯特,person
12937770,塞尔希奥·巴勃罗斯,person
10544130,费德里科·费里尼,person
14003660,伦纳特·拉夫,person
13425280,武正晴,person
13568080,本·帕尔马,person
13962870,江口幹,person
13157050,王冀邢,person
12990150,泰特·泰勒,person
12998070,埃里克·瓦利特,person
13168620,王树忱,person
10368940,尼克·帕克,person
10501540,莎莉·波特,person
13181470,杨议,person
10051480,克莉斯汀·杰弗斯,person
12882630,托尼·凯耶,person
10412610,拉尔夫·巴克希,person
10232190,伊藤·福克斯,person
13310220,盖瑞·肖,person
12985960,菲利普·施特尔茨尔,person
10544540,娜塔莉·波特曼,person
13379770,扬·拉豪尔,person
13666060,姜锡范,person
13322520,斯科特·沃,person
13177640,艾略特·莱斯特,person
12745350,冯巩,person
14570870,普兰诺·贝莉-邦德,person
13325070,文森特·贾洪,person
13158020,帕特里克·卢西尔,person
13281710,施屹,person
10482470,萨蒂亚吉特·雷伊,person
10319380,彼得·博格,person
13536080,阿方索·博亚尔特,person
14558560,尼克·斯塔利亚诺,person
13366460,亚伦·西尔曼,person
12748420,李少红,person
13197870,牛朝阳,person
10278770,爱德华·兹威克,person
10146180,俞飞鸿,person
10137570,布莱德利·库珀,person
13130530,张蠡,person
12850800,理查德·斯塔扎克,person
10377330,马库斯·雷波依,person
13105640, 张俊焕,person
13199280,徐兵,person
10501080,布赖恩·克卢格曼,person
10142900,乔尔·兹维克,person
13829970,胡波,person
13055170,安东尼奥·坎波斯,person
10545330,斯坦利·库布里克,person
13261410,简耀宗,person
12750260,袁和平,person
10144370,斯戴芬·卢佐维茨基,person
13229090,范建浍,person
10053260,盖·费尔兰德,person
10324210,安德烈·泰希内,person
10230860,查尔斯·克莱顿,person
13384270,史蒂夫·卡尔,person
13216860,尼古拉斯·贝多斯,person
12760600,尹力,person
13590330,托比·格恩科尔,person
13313920,村濑修功,person
12763040,瑞秋·塔拉蕾,person
10273740,雅克·塔蒂,person
14139560,金泰均,person
10196460,犬童一心,person
13484470,张天辉,person
14140580,史涓生,person
14558310,岩井泽健治,person
10142420,杰西·迪伦,person
12742620,吉尔·勒卢什,person
13152930,管晓杰,person
13266720,孙渤涵,person
11839800,贾斯汀·贝尔杜尼,person
13046030,格拉·巴布鲁阿尼,person
10505630,柯克·维斯,person
13344150,阿尔瓦罗·布雷克纳,person
10256490,朱利奥·里奇尔利,person
12744720,叶伟信,person
12844510,乔治·加洛,person
10183410,乔治·海肯卢珀,person
12747630,陈思诚,person
12743510,是枝裕和,person
14458960,纳卢拜·库诺,person
13484280,袁媛,person
13410860,阿健,person
10483810,罗伯特·维内,person
13903980,李珉才,person
14583270,金泰亨,person
10183730,杨采妮,person
13947850,罗沐,person
10081250,梁家仁,person
13324340,李昂,person
10148910,李相日,person
14319340,古谷田顺久,person
10039080,孙瑜,person
13068890,妮萨·哈迪曼,person
13830610,伊利亚·拜纳姆,person
12763440,彼得·麦克唐纳德,person
10450570,艾米·海克林,person
11383350,柳昇完,person
13190550,本·维特利 ,person
13731000,瑠东东一郎,person
10280680,马可·图利奥·吉奥达纳,person
13084260,维贾伊·克利须那·阿查里雅,person
10496210,吉恩·凯利,person
13161270,张番番,person
13173200,江涛,person
13714950,沃尔特·道恩,person
13411520,宋岳峰,person
10453080,约翰·格兰,person
13017870,拉尔夫·宗戴格,person
13586600,刘紫微,person
10271460,约翰·卡拉辛斯基,person
14533530,尤根·耶贝里亚努,person
13988580,张华坤,person
10483400,费奥多尔·邦达尔丘克,person
12974800,冼杞然,person
13180980,布拉德·福尔曼,person
13452770,梁旋,person
10543850,比利·怀德,person
13077410,托比·海恩斯,person
13530860,徐翔云,person
10252590,约翰·兰迪斯,person
